Scenario,Var Name,CMultStdev,tvVmax,tvKm,tvV,tvKa,dVdWT,stdev0,nVmax-nVmax,nV-nVmax,nV-nV
WorkFlow,CMultStdev,0.0005982827,,,,,,,,,
WorkFlow,tvVmax,1.2481587,299554.72,,,,,,,,
WorkFlow,tvKm,0.4543792,114158.33,50405.93,,,,,,,
WorkFlow,tvV,-0.014462115,-836.55388,-430.24598,9.0939243,,,,,,
WorkFlow,tvKa,-0.00033953569,-25.703891,-12.671935,0.16912716,0.010465714,,,,,
WorkFlow,dVdWT,0.00023524309,8.1197082,9.4793534,-0.29309046,-0.0059235432,0.061693097,,,,
WorkFlow,stdev0,-0.00038483467,0.65010224,-0.37639266,0.023416835,0.00020688477,0.00056152223,0.011739109,,,
WorkFlow,nVmax-nVmax,-7.4474477e-05,-0.062635254,0.3275685,-0.0072958165,-0.00032146848,0.0011864062,0.0002874693,0.00034442767,,
WorkFlow,nV-nVmax,0,0,0,0,0,0,0,0,0,
WorkFlow,nV-nV,-2.1602604e-05,4.8177519,1.7533681,0.0019386182,-0.00034085772,-0.00015094948,-0.00079223258,5.420802e-05,0,0.0011246808
