Scenario,Label,nVmax,nV
WorkFlow,nVmax,0.0185587626207144,0
WorkFlow,nV,0,0.0335362604385851
