Scenario,Var Name,GAMMA,CMultStdev,tvVmax,tvKm,tvV,tvKa,K12,K21,K13,K31,stdev0,nVmax-nVmax,nKm-nVmax,nKm-nKm,nV-nVmax,nV-nKm,nV-nV
WorkFlow,GAMMA,0.92962615,,,,,,,,,,,,,,,,
WorkFlow,CMultStdev,-0.0072633923,0.0013726219,,,,,,,,,,,,,,,
WorkFlow,tvVmax,-16558.835,59.430046,719729090,,,,,,,,,,,,,,
WorkFlow,tvKm,-14734.65,76.090335,518821460,390461260,,,,,,,,,,,,,
WorkFlow,tvV,0.13636532,0.20448634,58304.69,31240.976,145.31014,,,,,,,,,,,,
WorkFlow,tvKa,-0.018540294,0.00080832568,-459.71551,-226.69466,0.54017098,0.042719514,,,,,,,,,,,
WorkFlow,K12,0.033651232,-0.00015344467,-629.30517,-582.64436,-0.10578397,-0.00093741134,0.01255604,,,,,,,,,,
WorkFlow,K21,0.15600255,-0.00025911177,-1281.044,-1810.2154,0.40813732,0.0085733916,0.065094787,0.361038,,,,,,,,,
WorkFlow,K13,-0.0034031079,-4.2814615e-05,-71.68268,-30.166108,-0.090150701,-0.0011178501,0.0010949233,0.0040682245,0.00030625934,,,,,,,,
WorkFlow,K31,0.0095120409,-0.00016971755,-93.595608,-107.48325,-0.046025609,-0.00068132208,0.0010749155,0.0048291586,9.886262e-05,0.00027215229,,,,,,,
WorkFlow,stdev0,5.8585972,-0.080840476,-224844.47,-167854.79,-6.8919596,-0.038119512,0.26295719,0.84257308,0.026468556,0.026776048,101.11048,,,,,,
WorkFlow,nVmax-nVmax,-1.2459685,0.031510534,16520.106,16716.202,-2.1407736,0.063581222,-0.094705311,-0.54586662,0.0031427301,-0.0092497366,-15.006443,6.2728675,,,,,
WorkFlow,nKm-nVmax,-0.52869942,-0.0084267955,32004.422,22115.613,1.4314818,-0.070668184,-0.0069437709,0.046125678,-0.0019796847,-0.0019109711,-7.7639854,-0.30400838,1.993593,,,,
WorkFlow,nKm-nKm,0.00028370964,-0.00025419755,-275.0326,-163.68197,-0.44853206,-0.00066746811,-0.0033977903,-0.019023073,-0.00019011591,-0.00012057384,0.031132587,-0.011518643,-0.017684069,0.019369841,,,
WorkFlow,nV-nVmax,-1.016251,0.03017299,26140.357,20765.246,3.7743457,0.057633673,-0.070791433,-0.33867373,-0.0012264718,-0.0032907475,-17.060159,5.4371858,-0.18037683,-0.058583759,6.2536551,,
WorkFlow,nV-nKm,-0.53726874,-0.00534846,26700.319,19149.962,0.57334639,-0.06162861,-0.012722252,-0.0089652201,-0.0012911244,-0.0036505452,-6.6550598,-0.12177993,1.6996699,-0.0094387875,-0.27855735,1.5114077,
WorkFlow,nV-nV,-0.38782501,0.031100587,20638.291,14226.876,8.3196892,0.047152187,-0.042625248,-0.16842389,-0.0063869633,0.0041604974,-15.096955,4.4048037,-0.69287983,-0.10528963,6.4788532,-0.90166023,8.1033583
