Scenario,Label,nVmax,nKm,nV
WorkFlow,nVmax,1.9875497854781,0.905204154177081,1.05274426057415
WorkFlow,nKm,0.905204154177081,0.195812302156428,0.709359326875984
WorkFlow,nV,1.05274426057415,0.709359326875984,1.35031489777625
