Scenario,Label,nVmax,nKm,nV
WorkFlow,Omega
WorkFlow,nVmax,0.312144691911671,0.100897904869251,0.0989235664266481
WorkFlow,nKm,0.100897904869251,0.312635254160936,0.100430125534332
WorkFlow,nV,0.0989235664266481,0.100430125534332,0.314271220391196
WorkFlow,Correlation
WorkFlow,nVmax,1,0.322987114440421,0.315841709969777
WorkFlow,nKm,0.322987114440421,1,0.320400160388492
WorkFlow,nV,0.315841709969777,0.320400160388492,1
WorkFlow,Shrinkage,0.63146644294713,0.276176159270572,0.3371464740297
