Scenario,Label,nVmax,nKm,nV
WorkFlow,Omega
WorkFlow,nVmax,0.235876991309875,0.0158437324414365,0.236760806041224
WorkFlow,nKm,0.0158437324414365,0.182517939008668,0.00546054778681244
WorkFlow,nV,0.236760806041224,0.00546054778681244,0.377666710237217
WorkFlow,Correlation
WorkFlow,nVmax,1,0.0763592988411581,0.793254724609464
WorkFlow,nKm,0.0763592988411581,1,0.0207983595338662
WorkFlow,nV,0.793254724609464,0.0207983595338662,1
WorkFlow,Shrinkage,0.290049105087421,0.140479537223279,0.178423990287343
