Scenario,Label,nVmax,nKm,nV
WorkFlow,nVmax,0.120203409867335,0.0319456098009135,0.115964827201323
WorkFlow,nKm,0.0319456098009135,0.0418002731869999,0.0340117494990264
WorkFlow,nV,0.115964827201323,0.0340117494990264,0.103881808139372
