Scenario,Var Name,GAMMA,CMultStdev,tvVmax,tvKm,tvV,tvKa,K12,K21,stdev0,nVmax-nVmax
WorkFlow,GAMMA,0.062536725,,,,,,,,,
WorkFlow,CMultStdev,0.0013874145,0.00038548055,,,,,,,,
WorkFlow,tvVmax,-86.428937,-1.3270628,452749.22,,,,,,,
WorkFlow,tvKm,-23.353795,-0.29842727,93503.924,20711.45,,,,,,
WorkFlow,tvV,-0.1702294,-0.0015713795,83.847388,29.665175,2.4151784,,,,,
WorkFlow,tvKa,-0.0031370344,-3.7152006e-05,-0.46052733,0.071613235,0.050629668,0.0011826291,,,,
WorkFlow,K12,0.042682588,0.00017952004,-104.37425,-25.61946,-0.30462064,-0.0032039042,0.14294386,,,
WorkFlow,K21,-0.00090882534,4.3846158e-05,5.1844473,0.93322959,0.039923588,0.00095309417,-0.00070342912,0.0012427611,,
WorkFlow,stdev0,0.026783369,0.0010914086,-90.280811,-16.255626,-0.13064126,-0.0030076394,0.017451105,-0.0025719478,5.5076466,
WorkFlow,nVmax-nVmax,-0.0025143537,0.00014012744,8.2020475,2.2057605,0.011083394,0.00012987318,-0.005089767,0.00017344701,-0.010244878,0.0013878624
