Scenario,GAMMA,CMultStdev,tvVmax,tvKm,tvV,tvKa,K12,K21,CEps
WorkFlow,1,,,,,,,,
WorkFlow,0.282577410913231,1,,,,,,,
WorkFlow,-0.513644624523959,-0.100452644680226,1,,,,,,
WorkFlow,-0.648910274716793,-0.10561656116311,0.965596598752787,1,,,,,
WorkFlow,-0.438018428639663,-0.0514997637155489,0.0801836965938405,0.132637720491215,1,,,,
WorkFlow,-0.364776990357541,-0.0550245829493337,-0.0199022542582976,0.0144698411252356,0.947340690132651,1,,,
WorkFlow,0.451440400520038,0.0241840450201832,-0.410281323128643,-0.47084933475799,-0.518444130077059,-0.246418035952121,1,,
WorkFlow,-0.103090594057127,0.0633485221152719,0.218564581500211,0.183945610778232,0.728720750853144,0.786172263674843,-0.0527768870536338,1,
WorkFlow,0.0456367382807451,0.0236866212204472,-0.0571720229548167,-0.0481299508614304,-0.0358197641440738,-0.0372664868350069,0.0196678614318066,-0.0310874636230676,1
