Scenario,Label,nVmax,nKm,nV
WorkFlow,Omega
WorkFlow,nVmax,0.317805366394423,0.104550262210371,0.0975437709768541
WorkFlow,nKm,0.104550262210371,0.322122416068395,0.100802763878599
WorkFlow,nV,0.0975437709768541,0.100802763878599,0.314209683533134
WorkFlow,Correlation
WorkFlow,nVmax,1,0.326763876259872,0.308680464637245
WorkFlow,nKm,0.326763876259872,1,0.316848885227544
WorkFlow,nV,0.308680464637245,0.316848885227544,1
WorkFlow,Shrinkage,0.436766088021564,0.254094035396097,0.403015316261102
