Scenario,Label,nVmax,nKm,nV
WorkFlow,nVmax,0.210318762866991,0.0207454180430661,0.114317264977676
WorkFlow,nKm,0.0207454180430661,0.0593200885051067,0.0385961983876488
WorkFlow,nV,0.114317264977676,0.0385961983876488,0.15364888648568
