Scenario,Var Name,GAMMA,CMultStdev,tvVmax,tvKm,tvV,tvKa,K12,K21,K13,K31,dVdWT,stdev0,nVmax-nVmax,nV-nVmax,nV-nV
WorkFlow,GAMMA,0.39328857,,,,,,,,,,,,,,
WorkFlow,CMultStdev,-0.0024940151,0.00080778795,,,,,,,,,,,,,
WorkFlow,tvVmax,-6242.8986,74.025813,185437000,,,,,,,,,,,,
WorkFlow,tvKm,-6628.008,68.358696,168673480,160448940,,,,,,,,,,,
WorkFlow,tvV,-2.4716722,0.12735623,50930.63,45497.337,177.49879,,,,,,,,,,
WorkFlow,tvKa,-0.050237764,0.0010407722,834.90724,782.91351,2.5781155,0.074564352,,,,,,,,,
WorkFlow,K12,0.042180947,-0.00086458941,-740.40816,-719.34242,-1.52401,-0.037185684,0.024999844,,,,,,,,
WorkFlow,K21,0.181433,-0.0038185027,-2914.1049,-2936.4769,-6.1866064,-0.15330611,0.1050996,0.44616378,,,,,,,
WorkFlow,K13,0.0026751881,-0.00011354342,-102.74952,-86.615236,-0.23875403,-0.0056600393,0.0035158288,0.014406313,0.00059438202,,,,,,
WorkFlow,K31,0.007693265,-0.00013134053,-130.69942,-132.78805,-0.22102498,-0.0048769423,0.0032907949,0.013568254,0.00046856372,0.00051712039,,,,,
WorkFlow,dVdWT,-0.033979642,0.0014628471,1140.414,1267.0652,-0.83974904,-0.014595567,0.016660324,0.063206777,0.0021667703,0.0019098315,0.4504414,,,,
WorkFlow,stdev0,1.1131678,-0.014156281,-40734.571,-37386.4,19.704119,0.61773358,-0.37100787,-1.5811949,-0.05583125,-0.039783068,-1.6249123,48.956995,,,
WorkFlow,nVmax-nVmax,0.13653111,6.2115716e-05,-1335.7361,-1451.1238,-0.82871574,-0.011212602,0.01206101,0.048492546,-0.0005013005,0.0022673643,0.047447393,-0.11669341,0.12005681,,
WorkFlow,nV-nVmax,0.0027212686,0.00010490912,264.37599,77.170353,0.15839704,0.00043418548,-0.00072504509,0.0005516026,-7.3515371e-05,-6.3595226e-05,-0.037820333,-0.096082891,-0.0091345681,0.015965326,
WorkFlow,nV-nV,0.0017069588,0.00050810511,25.013962,-17.464972,0.27026316,0.0048990216,-0.0037702016,-0.015915555,-0.00051505811,-0.0003733509,-0.011019124,-0.023754234,-0.0037717808,0.0052063535,0.013354982
