Scenario,Label,nVmax,nV
WorkFlow,Omega
WorkFlow,nVmax,0.311261420699606,0.101897857297599
WorkFlow,nV,0.101897857297599,0.319864836701653
WorkFlow,Correlation
WorkFlow,nVmax,1,0.322938002088847
WorkFlow,nV,0.322938002088847,1
WorkFlow,Shrinkage,0.585694048107241,0.418686469395937
