Scenario,Label,nVmax,nV
WorkFlow,nVmax,0.741260963088386,0.315561842647687
WorkFlow,nV,0.315561842647687,0.270442006978229
