"","NMn_theta","NM_Converge","NLMSTEST_Converge","NLMADPOEST_Converge","NLMNHEST_Converge","NLMNoCacheEST_Converge"
"1",4,83.3333333333333,100,100,100,100
"2",5,100,100,100,100,100
"3",6,72.7272727272727,100,100,100,100
"4",7,80,100,100,100,100
"5",8,100,100,100,100,100
"6",9,66.6666666666667,100,100,100,100
