"","Algorithm","Converge","Covar"
"1","NLME Standard",100,97.2222222222222
"2","NONMEM",70.8333333333333,83.3333333333333
