Scenario,Var Name,GAMMA,CMultStdev,tvVmax,tvKm,tvV,tvKa,K12,K21,K13,K31,dVdWT,stdev0,nVmax-nVmax
WorkFlow,GAMMA,1.5750116,,,,,,,,,,,,
WorkFlow,CMultStdev,0.088746442,0.048125881,,,,,,,,,,,
WorkFlow,tvVmax,1169.0294,419.68029,135678620,,,,,,,,,,
WorkFlow,tvKm,-6708.0839,105.04899,83902718,92929980,,,,,,,,,
WorkFlow,tvV,-20.640632,-4.940741,-316223.44,-116203.83,4019.0696,,,,,,,,
WorkFlow,tvKa,-0.61775184,-0.16996565,-9430.679,-3655.6476,116.56916,3.4850223,,,,,,,
WorkFlow,K12,-0.0016552203,-0.0033982119,50.964726,0.63845543,-1.132579,-0.029539633,0.0011439162,,,,,,
WorkFlow,K21,-3.0680771,-0.88447405,-37845.887,-12273.215,470.01893,13.266839,-0.10481218,65.716356,,,,,
WorkFlow,K13,0.69215848,0.1961388,8592.5763,2752.2934,-107.18557,-3.019351,0.024877761,-14.988242,3.4197423,,,,
WorkFlow,K31,-0.018738073,-0.022108407,-2981.725,-1952.5511,42.876095,1.3629354,-0.015409002,2.6148608,-0.59110549,1.0660333,,,
WorkFlow,dVdWT,0.15061573,-0.01925994,456.97648,-885.43236,-1.1018738,-0.0094939533,0.0037266836,0.030783403,-0.0025902376,-0.013281355,0.090490866,,
WorkFlow,stdev0,0.21160413,-0.024891504,-286.63397,-2579.6918,-39.012101,-1.1602114,0.021900896,-2.8990062,0.6706243,-0.75241286,0.10250661,2.2716896,
WorkFlow,nVmax-nVmax,0.14458778,0.10685346,204.99725,1440.5411,-4.8777679,-0.22428767,-0.013307963,-0.99343747,0.20629304,-0.069939868,-0.12698817,-0.55856628,0.82811564
