Scenario,Var Name,CMultStdev,tvVmax,tvKm,tvV,tvKa,K12,K21,dVdWT,stdev0,nVmax-nVmax
WorkFlow,CMultStdev,0.00055184618,,,,,,,,,
WorkFlow,tvVmax,4.3216567,2017067.8,,,,,,,,
WorkFlow,tvKm,2.4419804,796023.63,325522.2,,,,,,,
WorkFlow,tvV,-0.0025366112,-790.32086,-359.50278,4.6499545,,,,,,
WorkFlow,tvKa,-8.3281881e-05,-22.829693,-10.434876,0.10827729,0.0027032126,,,,,
WorkFlow,K12,-0.00024731297,-77.173138,-34.504542,-0.15575167,0.0009202199,0.13981585,,,,
WorkFlow,K21,9.7864581e-07,-12.782742,-6.1996853,0.1141916,0.0028968143,0.003977907,0.003409264,,,
WorkFlow,dVdWT,0.00021987551,72.71453,29.377211,-0.21951437,-0.0060211954,-0.016096019,-0.0065975108,0.034734347,,
WorkFlow,stdev0,-0.00027726058,-15.126975,-7.8304719,0.045397935,0.001256255,0.0042751262,0.0015258262,-0.0038780855,0.016363763,
WorkFlow,nVmax-nVmax,3.5084334e-05,4.3593916,2.7639524,-0.036889757,-0.0010197895,-0.0034080961,-0.0012086571,0.0024732749,6.2234519e-05,0.0010696222
