Scenario,CMultStdev,tvVmax,tvKm,tvV,tvKa,K12,K21,dVdWT,CEps
WorkFlow,1,,,,,,,,
WorkFlow,0.129533170496305,1,,,,,,,
WorkFlow,0.182197683849496,0.982370709697908,1,,,,,,
WorkFlow,-0.0500749513872823,-0.258058903459237,-0.292204963785303,1,,,,,
WorkFlow,-0.0681869712000777,-0.309171690868896,-0.351768435513675,0.965768285354239,1,,,,
WorkFlow,-0.0281552682521905,-0.14532077648251,-0.161736395654215,-0.193165762232165,0.0473340121435759,1,,,
WorkFlow,0.000713487223522573,-0.154146425797112,-0.186101132208981,0.906941975134336,0.954223766340414,0.182199051011975,1,,
WorkFlow,0.0502213366025083,0.274714375768294,0.276274429965773,-0.546209224383296,-0.621388270773532,-0.230972731660741,-0.606275790155217,1,
WorkFlow,-0.0922651104139485,-0.0832626504791272,-0.10728920544435,0.164577384984687,0.188884404369608,0.0893776930610719,0.204283429112526,-0.162665783834153,1
