Scenario,Label,nVmax,nV
WorkFlow,nVmax,0.0277865035426307,0.0128615354516323
WorkFlow,nV,0.0128615354516323,0.0158963652320362
