Scenario,Label,nVmax,nV
WorkFlow,Omega
WorkFlow,nVmax,0.276086743319429,-0.0592137601431225
WorkFlow,nV,-0.0592137601431225,0.149900264352108
WorkFlow,Correlation
WorkFlow,nVmax,1,-0.291070816295866
WorkFlow,nV,-0.291070816295866,1
WorkFlow,Shrinkage,0.28322656715378,0.145497553753931
