Scenario,RetCode,LogLik,-2LL,AIC,BIC,nParm,nObs,nSub,EpsShrinkage,Condition
WorkFlow,3,-3338.735100,6677.470200,6705.470200,6763.903205,14,480,60,0.092120,302900.402880
