Scenario,Var Name,CMultStdev,tvVmax,tvKm,tvV,tvKa,stdev0,nVmax-nVmax,nKm-nVmax,nKm-nKm,nV-nVmax,nV-nKm,nV-nV,nKa-nVmax,nKa-nKm,nKa-nV,nKa-nKa
WorkFlow,CMultStdev,0.00064866403,,,,,,,,,,,,,,,
WorkFlow,tvVmax,0.11861082,28060.954,,,,,,,,,,,,,,
WorkFlow,tvKm,-1.8178876,77489.042,290026.02,,,,,,,,,,,,,
WorkFlow,tvV,-0.0015099985,-50.758385,-166.94814,0.59009909,,,,,,,,,,,,
WorkFlow,tvKa,-0.00065661454,-2.2743854,-9.0940423,0.01153086,0.0049620095,,,,,,,,,,,
WorkFlow,stdev0,0.017030628,-20.498689,-118.74106,-0.0031468391,-0.022409126,1.4561204,,,,,,,,,,
WorkFlow,nVmax-nVmax,7.7026425e-06,-0.013019658,-0.062679001,7.0634382e-06,-9.6990789e-06,0.00060344493,2.5272844e-07,,,,,,,,,
WorkFlow,nKm-nVmax,0,0,0,0,0,0,0,0,,,,,,,,
WorkFlow,nKm-nKm,4.9079871e-05,1.7887537,4.1209827,-0.0015114363,-8.5539235e-05,0.00099342499,1.7968514e-07,0,0.00076800739,,,,,,,
WorkFlow,nV-nVmax,0,0,0,0,0,0,0,0,0,0,,,,,,
WorkFlow,nV-nKm,0,0,0,0,0,0,0,0,0,0,0,,,,,
WorkFlow,nV-nV,-0.00037739224,-8.97985,-16.597427,0.021042419,0.00012595359,0.033907116,1.2916052e-05,0,-0.0008694319,0,0,0.014069177,,,,
WorkFlow,nKa-nVmax,0,0,0,0,0,0,0,0,0,0,0,0,0,,,
WorkFlow,nKa-nKm,0,0,0,0,0,0,0,0,0,0,0,0,0,0,,
WorkFlow,nKa-nV,0,0,0,0,0,0,0,0,0,0,0,0,0,0,0,
WorkFlow,nKa-nKa,-0.00029713384,-1.202481,-0.76480047,0.0020228513,0.0018155339,-0.0031077719,-2.1414755e-06,0,1.650322e-05,0,0,0.00071230384,0,0,0,0.0067142427
