Scenario,Label,nVmax,nKm,nV,nKa
WorkFlow,nVmax,0.030110007931584,0,0,0
WorkFlow,nKm,0,0.0296162364458892,0,0
WorkFlow,nV,0,0,0.0727500328072602,0
WorkFlow,nKa,0,0,0,0.109781044896958
