Scenario,Label,nVmax,nKm,nV,nKa
WorkFlow,Omega
WorkFlow,nVmax,0.128885336753435,0,0,0
WorkFlow,nKm,0,0.178356102828868,0,0
WorkFlow,nV,0,0,0.202900767216251,0
WorkFlow,nKa,0,0,0,0.135177140379672
WorkFlow,Correlation
WorkFlow,nVmax,1,0,0,0
WorkFlow,nKm,0,1,0,0
WorkFlow,nV,0,0,1,0
WorkFlow,nKa,0,0,0,1
WorkFlow,Shrinkage,0.291580454569228,0.218775166616996,0.369825615304121,0.555448074493853
