Scenario,Label,nVmax,nKm,nV,nKa
WorkFlow,Omega
WorkFlow,nVmax,2.13698110220988e-05,0,0,0
WorkFlow,nKm,0,0.172411510222974,0,0
WorkFlow,nV,0,0,0.565554653112453,0
WorkFlow,nKa,0,0,0,0.404889715734439
WorkFlow,Correlation
WorkFlow,nVmax,1,0,0,0
WorkFlow,nKm,0,1,0,0
WorkFlow,nV,0,0,1,0
WorkFlow,nKa,0,0,0,1
WorkFlow,Shrinkage,0.986305049851139,0.141245818174128,0.1036307810552,0.275728517782849
