Scenario,Label,nVmax,nKm,nV,nKa
WorkFlow,nVmax,0.000502721036664083,0,0,0
WorkFlow,nKm,0,0.0277129461707029,0,0
WorkFlow,nV,0,0,0.118613559549838,0
WorkFlow,nKa,0,0,0,0.0819404829177312
