Scenario,Label,nVmax,nKm,nV,nKa
WorkFlow,nVmax,0.0186768104014749,0,0,0
WorkFlow,nKm,0,0.0236766956093267,0,0
WorkFlow,nV,0,0,0.0290668714061471,0
WorkFlow,nKa,0,0,0,0.0158355012304186
