Scenario,RetCode,LogLik,-2LL,AIC,BIC,nParm,nObs,nSub,EpsShrinkage,Condition
WorkFlow,1,-3846.019850,7692.039700,7712.039700,7752.442247,10,420,60,0.172850,25996.089600
