Scenario,CMultStdev,tvVmax,tvKm,tvV,tvKa,CEps
WorkFlow,1,,,,,
WorkFlow,0.0278011780880601,1,,,,
WorkFlow,-0.132537456587086,0.858955362278662,1,,,
WorkFlow,-0.0771798874350715,-0.394451949943581,-0.403553043311514,1,,
WorkFlow,-0.365992169325247,-0.192745412468848,-0.239722995191833,0.213093619091732,1,
WorkFlow,0.554143350010372,-0.101408934648104,-0.182719041136464,-0.00339479399098799,-0.263631607668057,1
