Scenario,Var Name,CMultStdev,tvVmax,tvKm,tvV,tvKa,stdev0,nVmax-nVmax,nKm-nVmax,nKm-nKm,nV-nVmax,nV-nKm,nV-nV,nKa-nVmax,nKa-nKm,nKa-nV,nKa-nKa
WorkFlow,CMultStdev,0.00043375869,,,,,,,,,,,,,,,
WorkFlow,tvVmax,-0.0058994902,122.67116,,,,,,,,,,,,,,
WorkFlow,tvKm,-0.07026258,-5.4168698,26.678018,,,,,,,,,,,,,
WorkFlow,tvV,-8.721343e-05,2.0588423,0.11007982,0.079315093,,,,,,,,,,,,
WorkFlow,tvKa,-0.00081639872,0.32363385,0.19667787,0.0087107162,0.0039726897,,,,,,,,,,,
WorkFlow,stdev0,1.4060545e-05,-0.26157898,-0.22470053,-0.016511004,-0.0012683038,0.0092482485,,,,,,,,,,
WorkFlow,nVmax-nVmax,0.00011064634,0.0007319743,-0.028351754,0.0008230105,-0.00021267748,-3.4527972e-05,0.00034882325,,,,,,,,,
WorkFlow,nKm-nVmax,0,0,0,0,0,0,0,0,,,,,,,,
WorkFlow,nKm-nKm,0.00014510318,0.040315809,-0.050113511,0.00048546878,-0.00028232336,2.567858e-05,4.3011492e-05,0,0.00056058591,,,,,,,
WorkFlow,nV-nVmax,0,0,0,0,0,0,0,0,0,0,,,,,,
WorkFlow,nV-nKm,0,0,0,0,0,0,0,0,0,0,0,,,,,
WorkFlow,nV-nV,0.00013241477,0.064695912,-0.026127307,0.0022773627,-2.855826e-05,-0.00033176212,0.00044182395,0,0.00012698358,0,0,0.00084488301,,,,
WorkFlow,nKa-nVmax,0,0,0,0,0,0,0,0,0,0,0,0,0,,,
WorkFlow,nKa-nKm,0,0,0,0,0,0,0,0,0,0,0,0,0,0,,
WorkFlow,nKa-nV,0,0,0,0,0,0,0,0,0,0,0,0,0,0,0,
WorkFlow,nKa-nKa,1.8022881e-05,0.071632692,0.0011843919,0.0022768851,0.00054901784,-0.00021783144,4.8992369e-05,0,2.0069099e-05,0,0,9.9416249e-05,0,0,0,0.0002507631
