Scenario,CMultStdev,tvVmax,tvKm,tvV,tvKa,CEps
WorkFlow,1,,,,,
WorkFlow,-0.0255752068679436,1,,,,
WorkFlow,-0.653165473635962,-0.0946891857049163,1,,,
WorkFlow,-0.0148689861956803,0.660045593215295,0.075675099391205,1,,
WorkFlow,-0.62192197133124,0.463596746776727,0.604138343858275,0.49071984701997,1,
WorkFlow,0.00702018123212049,-0.24558501408598,-0.452373934813063,-0.609629272624963,-0.209243137635966,1
