Scenario,CMultStdev,tvVmax,tvKm,tvV,tvKa,CEps
WorkFlow,0.000648664026251817,,,,,
WorkFlow,0.118610823378052,28060.9537883186,,,,
WorkFlow,-1.81788756753809,77489.0417254175,290026.018990367,,,
WorkFlow,-0.00150999851344783,-50.7583847985523,-166.948138008077,0.59009908934562,,
WorkFlow,-0.000656614541458389,-2.27438541027751,-9.09404234842711,0.0115308603870111,0.00496200951337365,
WorkFlow,0.0170306284665846,-20.4986885339436,-118.741062383561,-0.00314683910993386,-0.0224091258921888,1.45612039290561
