Scenario,CMultStdev,tvVmax,tvKm,tvV,tvKa,CEps
WorkFlow,0.000433758685112376,,,,,
WorkFlow,-0.00589949016044159,122.671158864744,,,,
WorkFlow,-0.07026258016594,-5.41686981129169,26.6780181824311,,,
WorkFlow,-8.72134304982124e-05,2.05884233248114,0.110079817683081,0.0793150932086665,,
WorkFlow,-0.000816398719103081,0.323633847707492,0.196677874266978,0.00871071622417622,0.00397268971299157,
WorkFlow,1.40605451772341e-05,-0.261578979065756,-0.224700531622874,-0.0165110037552925,-0.00126830379207257,0.00924824845596189
