Scenario,Parameter,Estimate,Units,Stderr,CV%,2.5%CI,97.5%CI,Var.Inf.factor
WorkFlow,CMultStdev,0.47333510605666,,0.0254688834904834,5.38072988134429,0.42326921944781,0.52340099266551,
WorkFlow,tvVmax,1858.05175846448,,167.514040570689,9.01557450203246,1528.75821233254,2187.34530459642,
WorkFlow,tvKm,2997.58263111313,,538.540638197682,17.9658312871162,1938.9373027328,4056.22795949346,
WorkFlow,tvV,13.0205746993157,,0.768179073748836,5.89973247332323,11.5105137492167,14.5306356494147,
WorkFlow,tvKa,0.753046293559889,,0.0704415325881944,9.35421011837066,0.614574664662927,0.891517922456851,
WorkFlow,CEps,0.515511662214348,,1.20669813661313,234.077757121893,-1.85657552022372,2.88759884465242,
