Scenario,Parameter,Estimate,Units,Stderr,CV%,2.5%CI,97.5%CI,Var.Inf.factor
WorkFlow,CMultStdev,0.533542884199517,,0.0208268741080455,3.90350517733779,0.492617573148863,0.574468195250171,
WorkFlow,tvVmax,5448.02285041095,,11.0757012809458,0.20329762897581,5426.25882967143,5469.78687115047,
WorkFlow,tvKm,1314.78231470419,,5.16507678378851,0.392846536344733,1304.63281397353,1324.93181543485,
WorkFlow,tvV,49.0761181848126,,0.281629354309288,0.573862328003853,48.5227096960346,49.6295266735906,
WorkFlow,tvKa,0.914403857931709,,0.0630292766338911,6.89293642925535,0.790549805798976,1.03825791006444,
WorkFlow,CEps,0.581074722585174,,0.0961678140333963,16.5499909556468,0.392102643435867,0.770046801734481,
