Scenario,Var Name,GAMMA,CMultStdev,tvVmax,tvKm,tvV,tvKa,dVdWT,stdev0,nVmax-nVmax
WorkFlow,GAMMA,0.022510535,,,,,,,,
WorkFlow,CMultStdev,0.0011381248,0.00048318359,,,,,,,
WorkFlow,tvVmax,-75.376193,-3.6302249,319127.86,,,,,,
WorkFlow,tvKm,-24.319809,-1.0296142,93798.869,29758.406,,,,,
WorkFlow,tvV,0.12877666,-0.0099394628,-777.78205,-253.19085,7.1032769,,,,
WorkFlow,tvKa,0.0054504819,-0.00070706124,-36.468004,-11.888594,0.4054124,0.03608075,,,
WorkFlow,dVdWT,0.00030270894,-4.1676502e-05,2.9755748,0.32402714,-0.044325653,-0.0056400707,0.017962793,,
WorkFlow,stdev0,0.0098799279,0.0010870789,-30.382146,-8.8178582,0.0012456712,-0.0024406817,-0.0051519118,0.021833822,
WorkFlow,nVmax-nVmax,0.00021045928,7.6379801e-05,-1.6508688,-0.038932386,-0.0069622364,-0.00028773496,0.00010328565,-0.00045809451,0.00068170552
