Scenario,GAMMA,CMultStdev,tvVmax,tvKm,tvV,tvKa,dVdWT,CEps
WorkFlow,1,,,,,,,
WorkFlow,0.344226472656315,1,,,,,,
WorkFlow,-0.890576613467385,-0.291185553208288,1,,,,,
WorkFlow,-0.940215369899039,-0.270629134931105,0.963232573871322,1,,,,
WorkFlow,0.330878405979867,-0.168514786281497,-0.523599624289262,-0.557370269038773,1,,,
WorkFlow,0.198124123473147,-0.168661493493451,-0.345565103766726,-0.368364097173294,0.8012756768844,1,,
WorkFlow,0.0114370680222062,-0.0160285983850075,0.0426253359765988,0.0176435855552,-0.125314148231634,-0.222208923347015,1,
WorkFlow,0.317730240822442,0.0960085043879413,-0.249069547462372,-0.243120263134373,0.0516156982616598,0.00724095195117902,-0.225129367877072,1
