Scenario,Var Name,GAMMA,CMultStdev,tvVmax,tvKm,tvV,tvKa,dVdWT,stdev0,nVmax-nVmax
WorkFlow,GAMMA,0.022772463,,,,,,,,
WorkFlow,CMultStdev,0.0011398944,0.00048153817,,,,,,,
WorkFlow,tvVmax,-76.64751,-3.6442398,325269.63,,,,,,
WorkFlow,tvKm,-24.64292,-1.0314537,95414.14,30166.133,,,,,
WorkFlow,tvV,0.13344442,-0.0098828079,-798.08301,-258.72036,7.142561,,,,
WorkFlow,tvKa,0.0056633163,-0.00070106738,-37.3319,-12.118966,0.40563684,0.03588037,,,
WorkFlow,dVdWT,0.00023022464,-4.6918378e-05,3.2428112,0.40876975,-0.044674446,-0.0056146416,0.017793614,,
WorkFlow,stdev0,0.020237384,0.00088923364,-59.956077,-17.82263,0.058223674,0.00057891519,-0.012675207,0.17814828,
WorkFlow,nVmax-nVmax,0.00021286801,7.6154436e-05,-1.6618981,-0.041028427,-0.006987092,-0.00028876794,0.00010465793,-0.00089537689,0.00068611992
