Scenario,Var Name,CMultStdev,tvVmax,tvKm,tvV,tvKa,K12,K21,stdev0,nVmax-nVmax
WorkFlow,CMultStdev,0.00097787489,,,,,,,,
WorkFlow,tvVmax,-0.78275794,175270.36,,,,,,,
WorkFlow,tvKm,-4.8563549,474742.33,1387008.3,,,,,,
WorkFlow,tvV,0.037710414,-21.670436,-114.17478,26.940734,,,,,
WorkFlow,tvKa,-0.0012005072,-26.123061,-68.741392,-0.42472583,0.040819783,,,,
WorkFlow,K12,-0.060856066,-294.58683,-705.79427,-37.136457,1.0783187,58.56258,,,
WorkFlow,K21,-0.015975229,-119.65631,-295.34873,-7.1687999,0.32594151,13.07804,3.3006143,,
WorkFlow,stdev0,0.015530964,58.476296,137.8218,6.5588863,-0.2605103,-11.44054,-2.7935503,2.7759672,
WorkFlow,nVmax-nVmax,0.00013604691,11.51892,31.497193,0.030418782,-0.00078782617,-0.040744185,-0.0069204141,-0.00085210267,0.0024354869
