Scenario,Var Name,CMultStdev,tvVmax,tvKm,tvV,tvKa,K12,K21,stdev0,nVmax-nVmax
WorkFlow,CMultStdev,0.00053264942,,,,,,,,
WorkFlow,tvVmax,9.0518599,9575151.7,,,,,,,
WorkFlow,tvKm,4.839577,3969895,1671820.5,,,,,,
WorkFlow,tvV,-0.001365764,-2189.4992,-965.46917,2.6806751,,,,,
WorkFlow,tvKa,-4.8588138e-05,-55.257002,-24.705794,0.055415573,0.0013130493,,,,
WorkFlow,K12,-4.350711e-06,29.326104,6.8190614,-0.32089264,-0.0028468583,0.14568153,,,
WorkFlow,K21,5.7495623e-05,-24.104332,-11.441789,0.048236378,0.0011912129,0.00056747057,0.0014337588,,
WorkFlow,stdev0,1.7467814e-05,3.4300811,0.65724892,-0.0044513856,5.2005102e-07,0.0036003096,0.00018993222,0.01746559,
WorkFlow,nVmax-nVmax,3.1943292e-05,17.986951,8.9994692,-0.020258264,-0.0005719908,-0.0019335505,-0.00067012118,0.00031216405,0.00082469118
