Scenario,RetCode,LogLik,-2LL,AIC,BIC,nParm,nObs,nSub,EpsShrinkage,Condition
WorkFlow,3,-3200.203130,6400.406260,6418.406260,6455.970335,9,480,60,0.073340,29713.312660
