Scenario,RetCode,LogLik,-2LL,AIC,BIC,nParm,nObs,nSub,EpsShrinkage,Condition
WorkFlow,3,-3712.718130,7425.436260,7443.436260,7479.798552,9,420,60,0.041820,95483.442250
