Scenario,Parameter,Estimate,Units,Stderr,CV%,2.5%CI,97.5%CI,Var.Inf.factor
WorkFlow,CMultStdev,0.537513203384197,,0.0312709911702667,5.81771591346664,0.476042168689337,0.598984238079057,
WorkFlow,tvVmax,1847.92823932685,,418.653027117534,22.6552643229284,1024.95992933866,2670.89654931504,
WorkFlow,tvKm,2995.63174939968,,1177.71317418093,39.3143507848365,680.538921145979,5310.72457765338,
WorkFlow,tvV,6.09162523009767,,5.19044639247013,85.2062659210391,-4.1115086755751,16.2947591357704,
WorkFlow,tvKa,0.577964555737308,,0.202039063089553,34.9569988477602,0.180805726032423,0.975123385442193,
WorkFlow,K12,3.30847891421062,,7.65261914952763,231.303246838237,-11.7346776869286,18.3516355153498,
WorkFlow,K21,1.48250379732233,,1.81675928337035,122.546686669656,-2.08879563262519,5.05380322726985,
WorkFlow,CEps,0.499969730925541,,1.66612341886034,333.244857798895,-2.77521684467826,3.77515630652934,
