Scenario,CMultStdev,tvVmax,tvKm,tvV,tvKa,K12,K21,CEps
WorkFlow,0.000532649416869409,,,,,,,
WorkFlow,9.05185989173546,9575151.73405828,,,,,,
WorkFlow,4.83957696968856,3969895.01950203,1671820.50291349,,,,,
WorkFlow,-0.00136576400458435,-2189.49923117167,-965.469167135543,2.68067508854634,,,,
WorkFlow,-4.85881378880566e-05,-55.2570023560428,-24.70579427014,0.0554155734882192,0.00131304933667568,,,
WorkFlow,-4.35071095675639e-06,29.3261044049743,6.8190613733131,-0.32089263623382,-0.0028468583272783,0.145681532311285,,
WorkFlow,5.74956231776599e-05,-24.1043324382382,-11.4417885401008,0.0482363775121625,0.0011912129388476,0.000567470568268088,0.00143375882606841,
WorkFlow,1.7467814235025e-05,3.43008107734473,0.657248921679825,-0.00445138564381363,5.20051021919554e-07,0.00360030957245969,0.000189932224382616,0.0174655897007501
