Scenario,Var Name,CMultStdev,tvVmax,tvKm,tvV,tvKa,K12,K21,stdev0,nVmax-nVmax
WorkFlow,CMultStdev,0.00067998724,,,,,,,,
WorkFlow,tvVmax,-0.15914139,1576.6032,,,,,,,
WorkFlow,tvKm,0.047146159,-430.38731,126.93485,,,,,,
WorkFlow,tvV,-0.00039662588,0.5760817,-0.15573804,0.00077923556,,,,,
WorkFlow,tvKa,-8.7731202e-05,-0.02244821,0.012949992,0.0002097947,0.00014306266,,,,
WorkFlow,K12,-0.00033689758,0.74618315,-0.20861647,0.00070300528,0.00015767801,0.00086935379,,,
WorkFlow,K21,4.260703e-05,-0.063444433,0.019530932,-5.5328362e-05,-1.3638354e-05,-6.5871563e-05,8.3691762e-06,,
WorkFlow,stdev0,-1.3951053e-05,0.045209381,-0.042522227,-0.00021387009,-9.1084052e-05,-0.00031493123,-2.740888e-06,0.01433076,
WorkFlow,nVmax-nVmax,0.00034137791,-0.3131313,0.056761492,-0.00026817997,-5.3387461e-05,-0.00027039809,9.4640314e-06,2.1218022e-05,0.0018206049
