Scenario,CMultStdev,tvVmax,tvKm,tvV,tvKa,K12,K21,CEps
WorkFlow,0.000977874888770899,,,,,,,
WorkFlow,-0.782757944073179,175270.357114675,,,,,,
WorkFlow,-4.85635492977593,474742.331512971,1387008.32063931,,,,,
WorkFlow,0.0377104143576602,-21.6704356542628,-114.17477907672,26.9407337531062,,,,
WorkFlow,-0.0012005071672328,-26.1230606504959,-68.7413920722434,-0.42472582782422,0.0408197830141044,,,
WorkFlow,-0.0608560656826307,-294.586826716537,-705.794268244526,-37.1364566224714,1.07831867275984,58.562579847717,,
WorkFlow,-0.0159752288975287,-119.656312472901,-295.348731625827,-7.16879988034604,0.325941505030087,13.0780401955171,3.30061429371234,
WorkFlow,0.0155309642919057,58.4762964716165,137.821801695616,6.55888632556405,-0.260510298040078,-11.4405403740637,-2.79355033670445,2.77596724687486
