Scenario,CMultStdev,tvVmax,tvKm,tvV,tvKa,K12,K21,CEps
WorkFlow,1,,,,,,,
WorkFlow,-0.153699186139726,1,,,,,,
WorkFlow,0.160474298929536,-0.962072514799215,1,,,,,
WorkFlow,-0.544874247367708,0.519742813274866,-0.495187720805559,1,,,,
WorkFlow,-0.28128110033794,-0.0472669264126045,0.0960983469619994,0.628343305401391,1,,,
WorkFlow,-0.438176649288015,0.637361692255159,-0.628000331093649,0.854133841236727,0.447105186763456,1,,
WorkFlow,0.564793283306357,-0.552320245042703,0.599226704768655,-0.68512856647856,-0.394146290836978,-0.772250744001022,1,
WorkFlow,-0.00446911971591367,0.00951114380186563,-0.0315276026993984,-0.0640001620400242,-0.0636128110949127,-0.0892242387706024,-0.00791435142803375,1
