Scenario,CMultStdev,tvVmax,tvKm,tvV,tvKa,K12,K21,CEps
WorkFlow,1,,,,,,,
WorkFlow,-0.0597904195929773,1,,,,,,
WorkFlow,-0.131864909115476,0.962862314909352,1,,,,,
WorkFlow,0.232335165146154,-0.00997260681283209,-0.0186778092924794,1,,,,
WorkFlow,-0.190014946786823,-0.308840663683695,-0.288897273805727,-0.405012675766339,1,,,
WorkFlow,-0.254303375524673,-0.0919494183365016,-0.0783120321406795,-0.934944116517447,0.69743169424635,1,,
WorkFlow,-0.281195298145104,-0.157320019276638,-0.138037850801541,-0.760228871694222,0.887987664094108,0.94066542102227,1,
WorkFlow,0.298091508937535,0.0838336653542344,0.0702378518981961,0.758434753416262,-0.773895606315398,-0.897282647579455,-0.922894258990557,1
