Scenario,Parameter,Estimate,Units,Stderr,CV%,2.5%CI,97.5%CI,Var.Inf.factor
WorkFlow,CMultStdev,0.536772856710051,,0.0260765649489323,4.85802600167953,0.485532057123384,0.588013656296718,
WorkFlow,tvVmax,11057.2583526764,,39.7064632475443,0.359098629887159,10979.2346202735,11135.2820850793,
WorkFlow,tvKm,2689.05023428034,,11.2665369143697,0.418978298387384,2666.91133825644,2711.18913030424,
WorkFlow,tvV,3.85088228546297,,0.0279147910203811,0.724893386789804,3.79602934701114,3.9057352239148,
WorkFlow,tvKa,0.194853117607617,,0.0119608803819564,6.13840852474452,0.171349827364743,0.218356407850491,
WorkFlow,K12,4.76778456710459,,0.0294848060154242,0.618417329903183,4.70984652814712,4.82572260606205,
WorkFlow,K21,0.357364477824706,,0.0028929528531562,0.809524458268975,0.351679786698687,0.363049168950725,
WorkFlow,CEps,0.412489441045928,,0.119711151165062,29.0216280110144,0.177255424711684,0.647723457380172,
