Scenario,Var Name,GAMMA,CMultStdev,tvVmax,tvKm,tvV,tvKa,K12,K21,K13,K31,dVdWT,stdev0,nVmax-nVmax,nV-nVmax,nV-nV
WorkFlow,GAMMA,0.52700876,,,,,,,,,,,,,,
WorkFlow,CMultStdev,-0.029570141,0.028846628,,,,,,,,,,,,,
WorkFlow,tvVmax,-3913.9754,346.9722,336992130,,,,,,,,,,,,
WorkFlow,tvKm,-4052.216,243.18553,102196870,62451044,,,,,,,,,,,
WorkFlow,tvV,-7.1053858,0.009697163,1953380.6,326880.62,16419.266,,,,,,,,,,
WorkFlow,tvKa,2.046077e-67,-5.140105e-69,-2.6807987e-63,-2.2227042e-63,-2.5838797e-66,1.3765561e-133,,,,,,,,,
WorkFlow,K12,3.9079509,-0.31124083,-88719.851,-63253.254,-36.887026,3.651177e-66,152.34866,,,,,,,,
WorkFlow,K21,11.262179,-0.88302846,-219387.87,-171182.86,100.52857,1.0350261e-65,429.64826,1216.1278,,,,,,,
WorkFlow,K13,0.07008315,-0.0058125793,-415.06651,-808.42752,6.0600063,4.4264094e-68,1.6009914,4.5795462,0.023290152,,,,,,
WorkFlow,K31,0.00097801369,-4.7768203e-05,58.899917,-3.5146394,0.59983105,5.9521329e-70,0.013905908,0.046135268,0.00045121932,2.77742e-05,,,,,
WorkFlow,dVdWT,-0.3136794,0.014442625,6239.4138,2324.9267,42.647923,-1.0912517e-67,-1.9276222,-5.2585608,-0.021623943,0.0011755856,0.31974335,,,,
WorkFlow,stdev0,5.0023487,0.045798119,-50111.003,-40427.746,-176.75229,2.6219072e-66,27.419737,78.112615,0.46952082,0.0087042549,-3.0394171,82.606781,,,
WorkFlow,nVmax-nVmax,0.13719615,-0.0057699731,-504.13025,-870.59503,-4.3463496,4.2323474e-68,0.50137779,1.4877236,0.012273223,0.00016095478,-0.087569023,1.2660605,0.048425729,,
WorkFlow,nV-nVmax,0,0,0,0,0,0,0,0,0,0,0,0,0,0,
WorkFlow,nV-nV,-0.12427665,0.0046639799,2498.3008,832.14048,18.844155,-3.9868542e-68,-0.63131447,-1.7149945,-0.0060781709,0.00057222806,0.13445664,-1.1847128,-0.036391437,0,0.057474844
