Scenario,Label,nVmax,nV
WorkFlow,Omega
WorkFlow,nVmax,0.350731333295612,0.0900060815625175
WorkFlow,nV,0.0900060815625175,0.287742463858198
WorkFlow,Correlation
WorkFlow,nVmax,1,0.283323496557169
WorkFlow,nV,0.283323496557169,1
WorkFlow,Shrinkage,0.301683341364627,0.271695576099212
