Scenario,Label,nVmax,nV
WorkFlow,nVmax,0.224522761621397,0.113747043017706
WorkFlow,nV,0.113747043017706,0.117655937274839
