Scenario,Var Name,GAMMA,CMultStdev,tvVmax,tvKm,tvV,tvKa,stdev0,nVmax-nVmax,nV-nVmax,nV-nV
WorkFlow,GAMMA,0.014478267,,,,,,,,,
WorkFlow,CMultStdev,0.00051143649,0.00034858719,,,,,,,,
WorkFlow,tvVmax,-67.897204,-3.47106,531880.84,,,,,,,
WorkFlow,tvKm,-24.261536,-1.2325424,164371.07,54236.605,,,,,,
WorkFlow,tvV,0.074237083,0.0016619816,-1043.8858,-362.30627,12.196026,,,,,
WorkFlow,tvKa,0.0041030469,0.00010246236,-49.563832,-15.756463,0.29472144,0.017104604,,,,
WorkFlow,stdev0,-0.10802111,-0.017845669,632.17803,265.52889,-1.0192834,-0.017117066,45.017295,,,
WorkFlow,nVmax-nVmax,-3.3192063e-05,-8.6730178e-05,3.453969,0.99692061,-0.025838287,-0.001078493,0.006695003,0.00047559942,,
WorkFlow,nV-nVmax,-0.0010129699,-8.5637077e-05,8.2277725,2.7034692,-0.026353487,-0.0010905991,0.010774695,0.00038925204,0.00060403946,
WorkFlow,nV-nV,-0.00037141234,-9.317278e-05,4.9907696,1.5556848,0.00021995624,-0.00066780142,0.014882775,0.00024207681,0.0004607407,0.0012608749
