Scenario,Label,nVmax,nV
WorkFlow,nVmax,0.0218082419652205,0.0245772143073151
WorkFlow,nV,0.0245772143073151,0.0355088006468845
