Scenario,Label,nVmax,nKm,nV
WorkFlow,Omega
WorkFlow,nVmax,0.318488638679763,0.102511735645753,0.0981571784253825
WorkFlow,nKm,0.102511735645753,0.31136617252182,0.1002622510297
WorkFlow,nV,0.0981571784253825,0.1002622510297,0.3162486862369
WorkFlow,Correlation
WorkFlow,nVmax,1,0.325529911682335,0.309286332394302
WorkFlow,nKm,0.325529911682335,1,0.319512145753044
WorkFlow,nV,0.309286332394302,0.319512145753044,1
WorkFlow,Shrinkage,0.431632439267865,0.243446997065273,0.437701445913737
