Scenario,Label,nVmax,nKm,nV
WorkFlow,Omega
WorkFlow,nVmax,0.515823240231783,0.159781581614656,0.340984919818018
WorkFlow,nKm,0.159781581614656,0.17790341425926,0.188619249562583
WorkFlow,nV,0.340984919818018,0.188619249562583,0.279051219563111
WorkFlow,Correlation
WorkFlow,nVmax,1,0.527453430945949,0.898757975969501
WorkFlow,nKm,0.527453430945949,1,0.846548625101999
WorkFlow,nV,0.898757975969501,0.846548625101999,1
WorkFlow,Shrinkage,0.150523944160975,0.104449371588295,0.0869331779831245
