Scenario,Label,nVmax,nKm,nV
WorkFlow,nVmax,2.6279456198592,0.959587100864766,2.47895336592337
WorkFlow,nKm,0.959587100864766,0.171215610986628,1.00731781802989
WorkFlow,nV,2.47895336592337,1.00731781802989,2.56288263756874
