Scenario,Label,nVmax,nKm,nV
WorkFlow,nVmax,0.326494681181189,0.122891922673063,0.107572162904629
WorkFlow,nKm,0.122891922673063,0.0618354799136189,0.066118683067817
WorkFlow,nV,0.107572162904629,0.066118683067817,0.00376096200448037
