Scenario,RetCode,LogLik,-2LL,AIC,BIC,nParm,nObs,nSub,EpsShrinkage,Condition
WorkFlow,3,-3514.952570,7029.905140,7061.905140,7126.549215,16,420,60,0.109970,1437378.624680
