Scenario,Label,nVmax,nV
WorkFlow,nVmax,0.0234742115304293,0.0233594494105324
WorkFlow,nV,0.0233594494105324,0.0412619433893385
