Scenario,CMultStdev,tvVmax,tvKm,tvV,tvKa,K12,K21,dVdWT,CEps
WorkFlow,1,,,,,,,,
WorkFlow,-0.0413898873701322,1,,,,,,,
WorkFlow,-0.195899740090141,0.909978021824754,1,,,,,,
WorkFlow,0.134989776675115,-0.293214439735662,-0.311191106114104,1,,,,,
WorkFlow,0.124547818853268,-0.462243825770239,-0.430968267120017,0.590091225795943,1,,,,
WorkFlow,-0.0745413116913507,0.260838537121183,0.271863061328296,-0.966883835561004,-0.429460820954872,1,,,
WorkFlow,-0.0177339055194703,-0.0178160553281113,0.0891809189508608,-0.125685959498569,0.482053159749462,0.349931859116449,1,,
WorkFlow,0.0710259682078266,-0.117938340056618,-0.16944592516671,-0.0680297418549286,-0.166917049270175,0.00613633101392743,-0.272769468800244,1,
WorkFlow,-0.0964093966026321,-0.425613438547025,-0.430468199518084,0.398698804407343,0.0137327370719557,-0.49841827943239,-0.514135769856585,-0.270217931504555,1
