Scenario,Var Name,CMultStdev,tvVmax,tvKm,tvV,tvKa,K12,K21,dVdWT,stdev0,nVmax-nVmax,nV-nVmax,nV-nV
WorkFlow,CMultStdev,0.00091260506,,,,,,,,,,,
WorkFlow,tvVmax,-0.67270616,289453.93,,,,,,,,,,
WorkFlow,tvKm,-1.1919981,98609.984,40569.582,,,,,,,,,
WorkFlow,tvV,0.052887223,-2045.8959,-812.89769,168.19648,,,,,,,,
WorkFlow,tvKa,0.00040102179,-26.50643,-9.2520072,0.81567662,0.011360065,,,,,,,
WorkFlow,K12,-0.016747989,1043.724,407.26273,-93.262479,-0.3404381,55.315699,,,,,,
WorkFlow,K21,-0.00035351273,-6.3249997,11.853086,-1.0756091,0.033903503,1.7173821,0.43543012,,,,,
WorkFlow,dVdWT,0.00082732065,-24.465833,-13.15972,-0.34019078,-0.0068597197,0.01759739,-0.069401724,0.14867246,,,,
WorkFlow,stdev0,-0.00010113275,-7.9512624,-3.0107339,0.17954959,5.0825135e-05,-0.12872094,-0.011780618,-0.0036179325,0.0012057633,,,
WorkFlow,nVmax-nVmax,7.6412601e-05,3.7503337,1.0320014,-0.046406983,-8.0345037e-05,0.030323306,0.00076725789,-0.002609309,-0.00022027461,0.00055103861,,
WorkFlow,nV-nVmax,9.7780253e-06,4.012776,1.318228,-0.0093675108,-4.9899403e-05,0.0095296232,0.0019035314,-0.00055032426,-0.00042190479,0.00030247692,0.00054566388,
WorkFlow,nV-nV,3.9104772e-05,4.7207007,1.7259893,0.071990722,0.00014322949,-0.041501809,0.00037708787,0.00087218441,-0.00064232864,0.00016664179,0.00073338424,0.001702548
