Scenario,Label,nVmax,nKm,nV,nKa
WorkFlow,nVmax,0.0660789643495346,0,0,0
WorkFlow,nKm,0,0.0483296004071841,0,0
WorkFlow,nV,0,0,0.139500419361374,0
WorkFlow,nKa,0,0,0,0.182881059673333
