Scenario,Label,nVmax,nKm,nV,nKa
WorkFlow,Omega
WorkFlow,nVmax,0.139358135302236,0,0,0
WorkFlow,nKm,0,0.159802297683607,0,0
WorkFlow,nV,0,0,0.130640565937267,0
WorkFlow,nKa,0,0,0,0.432175988325467
WorkFlow,Correlation
WorkFlow,nVmax,1,0,0,0
WorkFlow,nKm,0,1,0,0
WorkFlow,nV,0,0,1,0
WorkFlow,nKa,0,0,0,1
WorkFlow,Shrinkage,0.191900320053256,0.144502900326282,0.444686940883394,0.286041610707959
