Scenario,RetCode,LogLik,-2LL,AIC,BIC,nParm,nObs,nSub,EpsShrinkage,Condition
WorkFlow,3,-3199.540360,6399.080720,6423.080720,6473.166153,12,480,60,0.165290,22080.728850
