Scenario,Var Name,GAMMA,CMultStdev,tvVmax,tvKm,tvV,tvKa,K12,K21,stdev0,nVmax-nVmax,nV-nVmax,nV-nV
WorkFlow,GAMMA,0.021615201,,,,,,,,,,,
WorkFlow,CMultStdev,-0.0012792642,0.0008783346,,,,,,,,,,
WorkFlow,tvVmax,-355.41807,32.729943,8192283.6,,,,,,,,,
WorkFlow,tvKm,-103.22378,7.4346352,2182557.7,600924.24,,,,,,,,
WorkFlow,tvV,0.59856196,-0.10077775,-21442.215,-5229.6428,340.97652,,,,,,,
WorkFlow,tvKa,0.0072199789,-0.0021000583,-324.6861,-77.494335,4.8418488,0.076754642,,,,,,
WorkFlow,K12,-1.9034002e-75,-4.0337892e-75,-2.731688e-70,-5.4877506e-71,2.7391361e-72,5.481873e-74,4.2643091e-145,,,,,
WorkFlow,K21,0.1642713,-0.042746191,-5953.6533,-1423.3935,102.5655,1.4883186,1.0881359e-72,31.992415,,,,
WorkFlow,stdev0,0.020503003,-0.039340733,771.56803,234.56592,-4.0664476,-0.014731348,-6.1282803e-73,-1.1092059,58.517566,,,
WorkFlow,nVmax-nVmax,-0.0014673239,0.00031577248,48.02796,11.45007,-0.13226205,-0.0017256378,-5.7602546e-75,-0.041448728,0.02560215,0.0015467766,,
WorkFlow,nV-nVmax,0,0,0,0,0,0,0,0,0,0,0,
WorkFlow,nV-nV,-0.0017182558,4.9406737e-05,43.061213,11.004188,0.023562206,0.0013307953,2.0132454e-74,0.026829032,0.0078788513,0.00024676443,0,0.0040775842
