Scenario,Label,nVmax,nKm,nV
WorkFlow,nVmax,0.0499578239471364,0,0
WorkFlow,nKm,0,0.057071019564472,0
WorkFlow,nV,0,0,0.0862557151788352
