Scenario,GAMMA,CMultStdev,tvVmax,tvKm,tvV,tvKa,K12,K21,CEps
WorkFlow,1,,,,,,,,
WorkFlow,-0.0304888695503962,1,,,,,,,
WorkFlow,-0.406521204647912,0.241125708134815,1,,,,,,
WorkFlow,-0.674980142268521,-0.0683098410517703,0.443149201210368,1,,,,,
WorkFlow,0.0434900608359717,0.139472449511395,0.0636220600578356,0.210425864768249,1,,,,
WorkFlow,0.144589412852464,0.01438804173907,0.0246775163326097,0.278556502950125,0.855327094453767,1,,,
WorkFlow,0.263721163301833,0.0484662708287183,0.0776987294523131,0.237051797480959,0.484194746040565,0.836483245343067,1,,
WorkFlow,0.224051403288034,0.0359291146970473,0.0798223234009517,0.273561815653222,0.712167678398984,0.953606210765081,0.955437884521419,1,
WorkFlow,-0.25387943935093,-0.0404060239894596,-0.0715213325434062,-0.256625692656821,-0.618022473095407,-0.910072031477454,-0.98545352580955,-0.990888737481549,1
