Scenario,Var Name,GAMMA,CMultStdev,tvVmax,tvKm,tvV,tvKa,K12,K21,stdev0,nVmax-nVmax,nKm-nVmax,nKm-nKm,nV-nVmax,nV-nKm,nV-nV,nKa-nVmax,nKa-nKm,nKa-nV,nKa-nKa
WorkFlow,GAMMA,0.042821839,,,,,,,,,,,,,,,,,,
WorkFlow,CMultStdev,-0.00020793919,0.0012170083,,,,,,,,,,,,,,,,,
WorkFlow,tvVmax,-20.248177,-0.32463789,68036.024,,,,,,,,,,,,,,,,
WorkFlow,tvKm,-8.8172652,-0.5216284,11069.689,3970.4396,,,,,,,,,,,,,,,
WorkFlow,tvV,-0.4250345,0.0021068467,-453.0637,-37.472836,544.15845,,,,,,,,,,,,,,
WorkFlow,tvKa,-0.0096504328,-0.00090568971,-23.394495,-1.5127278,10.452489,0.22641707,,,,,,,,,,,,,
WorkFlow,K12,-0.0092306121,-0.0010145182,-12.632659,1.8179342,-8.9485683,-0.090849069,0.56718871,,,,,,,,,,,,
WorkFlow,K21,-0.027216849,-0.0024362918,-30.800214,0.73085284,17.905362,0.41472701,0.046462819,0.87592538,,,,,,,,,,,
WorkFlow,stdev0,0.14830953,-0.034992191,204.90082,29.215449,-53.128093,-1.0695887,0.024156558,-2.4163085,28.397681,,,,,,,,,,
WorkFlow,nVmax-nVmax,-0.0011621857,-0.00017911359,-2.39485,-0.14324439,-0.58308808,-0.011686584,0.0030792799,-0.02482021,0.10521916,0.0058417858,,,,,,,,,
WorkFlow,nKm-nVmax,0,0,0,0,0,0,0,0,0,0,0,,,,,,,,
WorkFlow,nKm-nKm,0.00055057249,-0.00030190996,-3.5505058,-0.46786253,0.21940933,0.0058657944,0.00056147328,0.011040572,-0.017966393,-7.865974e-05,0,0.0015237452,,,,,,,
WorkFlow,nV-nVmax,0,0,0,0,0,0,0,0,0,0,0,0,0,,,,,,
WorkFlow,nV-nKm,0,0,0,0,0,0,0,0,0,0,0,0,0,0,,,,,
WorkFlow,nV-nV,0.0073890646,-0.00090747019,8.1350755,0.86586153,-0.36205778,-0.0094942133,-0.0056362283,-0.019528613,0.089568661,-0.00176463,0,9.9796858e-05,0,0,0.01320161,,,,
WorkFlow,nKa-nVmax,0,0,0,0,0,0,0,0,0,0,0,0,0,0,0,0,,,
WorkFlow,nKa-nKm,0,0,0,0,0,0,0,0,0,0,0,0,0,0,0,0,0,,
WorkFlow,nKa-nV,0,0,0,0,0,0,0,0,0,0,0,0,0,0,0,0,0,0,
WorkFlow,nKa-nKa,-0.0089272959,7.6415474e-05,9.3997946,2.4847124,2.9047361,0.054338558,-0.051038866,0.094419727,-0.37551355,-0.0052821,0,0.00091821959,0,0,0.00084489929,0,0,0,0.039564887
