Scenario,Label,nVmax,nKm,nV,nKa
WorkFlow,nVmax,0.0764315762217159,0,0,0
WorkFlow,nKm,0,0.0390351783923825,0,0
WorkFlow,nV,0,0,0.114898259124205,0
WorkFlow,nKa,0,0,0,0.198909244147239
