Scenario,Label,nVmax,nKm,nV,nKa
WorkFlow,Omega
WorkFlow,nVmax,0.175522386444803,0,0,0
WorkFlow,nKm,0,0.120311385736556,0,0
WorkFlow,nV,0,0,0.327220441620016,0
WorkFlow,nKa,0,0,0,0.282764511351838
WorkFlow,Correlation
WorkFlow,nVmax,1,0,0,0
WorkFlow,nKm,0,1,0,0
WorkFlow,nV,0,0,1,0
WorkFlow,nKa,0,0,0,1
WorkFlow,Shrinkage,0.298115884925203,0.212628095657638,0.163049129811359,0.342689351882113
