Scenario,RetCode,LogLik,-2LL,AIC,BIC,nParm,nObs,nSub,EpsShrinkage,Condition
WorkFlow,1,-3414.124730,6828.249460,6854.249460,6908.508679,13,480,60,0.163700,9449.638710
