Scenario,GAMMA,CMultStdev,tvVmax,tvKm,tvV,tvKa,K12,K21,CEps
WorkFlow,1,,,,,,,,
WorkFlow,-0.028804272085242,1,,,,,,,
WorkFlow,-0.375131741823664,-0.0356765593439707,1,,,,,,
WorkFlow,-0.676210557606232,-0.237298585992402,0.673514030554464,1,,,,,
WorkFlow,-0.0880498947417859,0.00258894878798813,-0.0744607001745387,-0.0254938000367609,1,,,,
WorkFlow,-0.0980075532938103,-0.0545604652786621,-0.188490570775502,-0.0504529901846109,0.941678071693912,1,,,
WorkFlow,-0.0592289530479176,-0.0386143993103352,-0.0643074831867743,0.0383084936849263,-0.509362630976769,-0.253514092232145,1,,
WorkFlow,-0.140530837326428,-0.0746189215768046,-0.126168435782235,0.0123930181474467,0.820137856658359,0.931266930396245,0.0659186359238138,1,
WorkFlow,0.134491540747264,-0.188227436678645,0.147411985113881,0.0870065283444745,-0.427385816588965,-0.421813802871353,0.00601907614675982,-0.484481709092387,1
