Scenario,Var Name,GAMMA,CMultStdev,tvVmax,tvKm,tvV,tvKa,dVdWT,stdev0,nVmax-nVmax,nV-nVmax,nV-nV
WorkFlow,GAMMA,0.022430213,,,,,,,,,,
WorkFlow,CMultStdev,0.00056955732,0.00034421951,,,,,,,,,
WorkFlow,tvVmax,-92.182646,-3.7030401,569723.7,,,,,,,,
WorkFlow,tvKm,-32.038795,-1.25313,174098.13,56604.046,,,,,,,
WorkFlow,tvV,0.054259609,0.0023574245,-829.99399,-279.51093,11.736468,,,,,,
WorkFlow,tvKa,0.0040787475,0.00013132553,-44.850071,-13.668428,0.2790157,0.016256067,,,,,
WorkFlow,dVdWT,0.0090744566,0.00061950956,-32.536088,-10.186099,-0.27607018,-0.0072130674,0.082980616,,,,
WorkFlow,stdev0,0.40608967,-0.022310648,1163.1119,52.326101,-4.3859764,0.078358924,-0.35684918,275.99162,,,
WorkFlow,nVmax-nVmax,-0.00024889534,-0.00010644326,3.9793924,1.152396,-0.024472529,-0.0010494514,0.0013510365,0.036586868,0.00046539932,,
WorkFlow,nV-nVmax,-0.0014510565,-0.00011383354,8.8669338,2.833615,-0.017492327,-0.0008509429,-0.00097324014,0.094041989,0.00035819456,0.00061038949,
WorkFlow,nV-nV,-0.00061100748,-0.00010011608,5.1927135,1.5706241,0.0046802918,-0.00056632583,-0.0020219109,0.037931458,0.00021895909,0.00049123179,0.0012410255
