Scenario,Label,nVmax,nV
WorkFlow,Omega
WorkFlow,nVmax,0.10198061681297,0.0591523641878036
WorkFlow,nV,0.0591523641878036,0.17575361474757
WorkFlow,Correlation
WorkFlow,nVmax,1,0.441836059410409
WorkFlow,nV,0.441836059410409,1
WorkFlow,Shrinkage,0.127888371797602,0.115331360702078
