Scenario,Label,nVmax,nV
WorkFlow,nVmax,0.020676056628402,0.0208481111558404
WorkFlow,nV,0.0208481111558404,0.0332827230503022
