Scenario,Var Name,GAMMA,CMultStdev,tvVmax,tvKm,tvV,tvKa,dVdWT,stdev0,nVmax-nVmax,nV-nVmax,nV-nV
WorkFlow,GAMMA,0.016282063,,,,,,,,,,
WorkFlow,CMultStdev,0.00041010273,0.00034525797,,,,,,,,,
WorkFlow,tvVmax,-62.208211,-2.8672795,417550.62,,,,,,,,
WorkFlow,tvKm,-22.311428,-0.98553635,124969.23,40795.402,,,,,,,
WorkFlow,tvV,0.011181364,0.00091063,-601.61025,-207.66793,11.436708,,,,,,
WorkFlow,tvKa,0.0018313871,5.6535935e-05,-33.148543,-9.8971227,0.26125625,0.015304696,,,,,
WorkFlow,dVdWT,0.0047531547,0.00034833852,-10.86145,-3.0791698,-0.28358415,-0.0080683544,0.064874259,,,,
WorkFlow,stdev0,-0.13451783,-0.048303793,1929.5281,566.15963,-1.3585925,0.096629852,-0.32583772,201.51015,,,
WorkFlow,nVmax-nVmax,0.00012154842,-9.0039005e-05,1.7902631,0.46431869,-0.021619854,-0.00087833181,0.0015537041,0.050622488,0.00042749932,,
WorkFlow,nV-nVmax,-0.00061787911,-7.5501903e-05,4.1768263,1.3347966,-0.010864128,-0.00047844121,-0.00026656682,0.052202456,0.00027884717,0.00043464374,
WorkFlow,nV-nV,-7.2317791e-05,-6.6351642e-05,2.0034209,0.54554494,0.0091249614,-0.000292315,-0.0013123059,0.066468785,0.00015560509,0.00035403387,0.0011077397
