Scenario,GAMMA,CMultStdev,tvVmax,tvKm,tvV,tvKa,dVdWT,CEps
WorkFlow,1,,,,,,,
WorkFlow,0.172968131180028,1,,,,,,
WorkFlow,-0.754463851730789,-0.238805105007431,1,,,,,
WorkFlow,-0.865699282069383,-0.262600279490512,0.957509122796759,1,,,,
WorkFlow,0.0259113208042018,0.0144917082211328,-0.275302492947509,-0.304027812163882,1,,,
WorkFlow,0.116014718122125,0.0245946340867631,-0.414665131989724,-0.396087367587839,0.624458837810091,1,,
WorkFlow,0.146248369359899,0.0736026480647106,-0.0659928698566591,-0.0598538141804159,-0.329226842511963,-0.256056853370514,1,
WorkFlow,-0.0742637155049285,-0.183130599678212,0.210352692421613,0.197462591846646,-0.0283002482523507,0.0550237896089096,-0.0901190682299893,1
