Scenario,Label,nVmax,nV
WorkFlow,Omega
WorkFlow,nVmax,0.233424757330287,0.0596263070158346
WorkFlow,nV,0.0596263070158346,0.214739892308453
WorkFlow,Correlation
WorkFlow,nVmax,1,0.26632264074846
WorkFlow,nV,0.26632264074846,1
WorkFlow,Shrinkage,0.18153900343693,0.203626724544954
