Scenario,Label,nVmax,nV
WorkFlow,Omega
WorkFlow,nVmax,0.266155132861389,0.0671437322058312
WorkFlow,nV,0.0671437322058312,0.123177499487716
WorkFlow,Correlation
WorkFlow,nVmax,1,0.370827867036763
WorkFlow,nV,0.370827867036763,1
WorkFlow,Shrinkage,0.200586982775292,0.15177866190731
