Scenario,Label,nVmax,nV
WorkFlow,nVmax,0.171695214055325,0.0789828093578436
WorkFlow,nV,0.0789828093578436,0.0776159615425051
