Scenario,Label,nVmax,nV
WorkFlow,nVmax,0.174930912969515,0.055768762729466
WorkFlow,nV,0.055768762729466,0.0414522312701522
