Scenario,RetCode,LogLik,-2LL,AIC,BIC,nParm,nObs,nSub,EpsShrinkage,Condition
WorkFlow,3,-3555.115700,7110.231400,7136.231400,7188.754711,13,420,60,0.101440,713303.535560
