Scenario,Label,nVmax,nKm,nV
WorkFlow,nVmax,0.324639913608871,0,0
WorkFlow,nKm,0,0.0559934792892319,0
WorkFlow,nV,0,0,1.03004944614165
