Scenario,Label,nVmax,nKm,nV
WorkFlow,nVmax,0.221531531203856,0,0
WorkFlow,nKm,0,0.0526155255882611,0
WorkFlow,nV,0,0,0.23813760530914
