Scenario,RetCode,LogLik,-2LL,AIC,BIC,nParm,nObs,nSub,EpsShrinkage,Condition
WorkFlow,3,-3513.830940,7027.661880,7053.661880,7106.185191,13,420,60,0.108490,1090033.517050
