Scenario,Var Name,CMultStdev,tvVmax,tvKm,tvV,tvKa,stdev0,nVmax-nVmax,nKm-nVmax,nKm-nKm,nV-nVmax,nV-nKm,nV-nV
WorkFlow,CMultStdev,0.00096330991,,,,,,,,,,,
WorkFlow,tvVmax,-0.11251501,26171.53,,,,,,,,,,
WorkFlow,tvKm,-1.3123691,61842.544,185459.21,,,,,,,,,
WorkFlow,tvV,0.016071308,-22.382885,-58.486348,0.99193547,,,,,,,,
WorkFlow,tvKa,0.00047912549,-1.8982287,-8.0660962,0.017204622,0.0078644532,,,,,,,
WorkFlow,stdev0,-0.00033279796,0.43181054,-1.905278,-0.0033132077,0.00015677454,0.0015599405,,,,,,
WorkFlow,nVmax-nVmax,0.0001426772,1.107373,3.9469723,0.0050851271,-0.0006473723,-0.00023565404,0.00083751393,,,,,
WorkFlow,nKm-nVmax,0,0,0,0,0,0,0,0,,,,
WorkFlow,nKm-nKm,-0.00012930483,4.0849053,7.2066436,0.0061688241,-0.00045543909,0.00048879868,-0.00015720528,0,0.0029665558,,,
WorkFlow,nV-nVmax,0,0,0,0,0,0,0,0,0,0,,
WorkFlow,nV-nKm,0,0,0,0,0,0,0,0,0,0,0,
WorkFlow,nV-nV,-0.00014678599,14.454911,46.481519,-0.0033808889,-6.4633548e-05,-0.0012994334,-0.00032414338,0,0.0022516237,0,0,0.022680186
