Scenario,Label,nVmax,nKm,nV
WorkFlow,nVmax,0.0231751617990848,0,0
WorkFlow,nKm,0,0.0424325868284132,0
WorkFlow,nV,0,0,0.074018081097317
