Scenario,Label,nVmax,nKm,nV
WorkFlow,nVmax,0.0427770408041049,0,0
WorkFlow,nKm,0,0.0950883468988184,0
WorkFlow,nV,0,0,0.224827801719503
