Scenario,Label,nVmax,nKm,nV
WorkFlow,nVmax,0.0289398328557996,0,0
WorkFlow,nKm,0,0.0544660974171895,0
WorkFlow,nV,0,0,0.150599421118691
