Scenario,RetCode,LogLik,-2LL,AIC,BIC,nParm,nObs,nSub,EpsShrinkage,Condition
WorkFlow,1,-3864.409060,7728.818120,7746.818120,7783.180412,9,420,60,0.130420,17503.466730
