Scenario,RetCode,LogLik,-2LL,AIC,BIC,nParm,nObs,nSub,EpsShrinkage,Condition
WorkFlow,3,-3203.051410,6406.102820,6424.102820,6461.666895,9,480,60,0.136530,19811.390520
