Scenario,CMultStdev,tvVmax,tvKm,tvV,tvKa,CEps
WorkFlow,1,,,,,
WorkFlow,0.984376512440903,1,,,,
WorkFlow,0.988102584448902,0.997911200690919,1,,,
WorkFlow,-0.175022950321483,-0.0437904216964567,-0.094091401188196,1,,
WorkFlow,-0.973454413067608,-0.953567079731304,-0.961032130068653,0.29917710822714,1,
WorkFlow,0.837601310371804,0.846336817684484,0.839019660483444,0.101266748617219,-0.765879154151773,1
