Scenario,CMultStdev,tvVmax,tvKm,tvV,tvKa,CEps
WorkFlow,0.00535254095219009,,,,,
WorkFlow,11.5385180406933,25669.5102373282,,,,
WorkFlow,2.88772481734277,6386.66974243479,1595.68639155914,,,
WorkFlow,-0.00344279427523667,-1.88635744782433,-1.01055459005027,0.0722889879732305,,
WorkFlow,-0.0176177669982478,-37.7933409090289,-9.49657325282864,0.0198984696392555,0.0611942319909367,
WorkFlow,0.00153668233191764,3.40031206128098,0.840451504145031,0.000682762545933966,-0.00475096951542455,0.000628830359540526
