Scenario,CMultStdev,tvVmax,tvKm,tvV,tvKa,CEps
WorkFlow,1,,,,,
WorkFlow,-0.0224085050320303,1,,,,
WorkFlow,-0.0981858204234216,0.887663965912902,1,,,
WorkFlow,0.519908009770043,-0.13891841143278,-0.13636050290942,1,,
WorkFlow,0.174073233999138,-0.132312148821416,-0.211205357767234,0.194791119137929,1,
WorkFlow,-0.271483614088754,0.0675810081141995,-0.112016017292303,-0.0842273103328466,0.0447597088928826,1
