Scenario,Var Name,CMultStdev,tvVmax,tvKm,tvV,tvKa,stdev0,nVmax-nVmax,nKm-nVmax,nKm-nKm,nV-nVmax,nV-nKm,nV-nV
WorkFlow,CMultStdev,0.00069428,,,,,,,,,,,
WorkFlow,tvVmax,-0.86899056,297499.98,,,,,,,,,,
WorkFlow,tvKm,-0.63081447,124192.63,61111.837,,,,,,,,,
WorkFlow,tvV,-0.018570713,-777.84662,-406.12229,9.6936344,,,,,,,,
WorkFlow,tvKa,3.3551341e-05,-17.213679,-10.84951,0.15063403,0.010995287,,,,,,,
WorkFlow,stdev0,0.0003024611,14.820599,6.7171721,-0.036255344,-0.00061459244,0.0041601781,,,,,,
WorkFlow,nVmax-nVmax,2.3708856e-05,0.3639993,0.81491405,-0.0020805454,-0.00028247572,6.3646692e-05,0.00053708812,,,,,
WorkFlow,nKm-nVmax,0,0,0,0,0,0,0,0,,,,
WorkFlow,nKm-nKm,-1.882218e-05,1.4980691,1.0602688,-0.0053251393,-0.00023623702,-0.00037500041,9.3861298e-05,0,0.0018005244,,,
WorkFlow,nV-nVmax,0,0,0,0,0,0,0,0,0,0,,
WorkFlow,nV-nKm,0,0,0,0,0,0,0,0,0,0,0,
WorkFlow,nV-nV,-0.00048516494,-12.098608,-4.1734711,0.063686618,0.00052282201,-0.0015867088,0.00031802942,0,0.00024740188,0,0,0.0054786763
