Scenario,Parameter,Estimate,Units,Stderr,CV%,2.5%CI,97.5%CI,Var.Inf.factor
WorkFlow,CMultStdev,0.502512476940154,,0.0310372343205696,6.17641068527458,0.441500950399022,0.563524003481286,
WorkFlow,tvVmax,1313.66397166693,,161.776170996023,12.3148822290332,995.652029993854,1631.67591334001,
WorkFlow,tvKm,1108.06753689061,,430.649752324624,38.8649371980598,261.516632177025,1954.61844160419,
WorkFlow,tvV,13.2499471296978,,0.995959572264407,7.51670601033653,11.2921369314859,15.2077573279097,
WorkFlow,tvKa,1.15502106141243,,0.0886817523344448,7.67793378815096,0.98069466910623,1.32934745371863,
WorkFlow,CEps,0.0112911493102878,,0.0394960822656701,349.796829182692,-0.0663483802474618,0.0889306788680374,
