Scenario,Var Name,CMultStdev,tvVmax,tvKm,tvV,tvKa,stdev0,nVmax-nVmax,nKm-nVmax,nKm-nKm,nV-nVmax,nV-nKm,nV-nV
WorkFlow,CMultStdev,0.005352541,,,,,,,,,,,
WorkFlow,tvVmax,11.538518,25669.51,,,,,,,,,,
WorkFlow,tvKm,2.8877248,6386.6697,1595.6864,,,,,,,,,
WorkFlow,tvV,-0.0034427943,-1.8863574,-1.0105546,0.072288988,,,,,,,,
WorkFlow,tvKa,-0.017617767,-37.793341,-9.4965733,0.01989847,0.061194232,,,,,,,
WorkFlow,stdev0,0.0015366823,3.4003121,0.8404515,0.00068276255,-0.0047509695,0.00062883036,,,,,,
WorkFlow,nVmax-nVmax,-0.0030714953,-6.734308,-1.6836889,0.00193082,0.010310518,-0.00085596541,0.0018298752,,,,,
WorkFlow,nKm-nVmax,0,0,0,0,0,0,0,0,,,,
WorkFlow,nKm-nKm,-0.0066415478,-14.658103,-3.6686599,0.0046171977,0.022758759,-0.0018269676,0.0039435768,0,0.0090417937,,,
WorkFlow,nV-nVmax,0,0,0,0,0,0,0,0,0,0,,
WorkFlow,nV-nKm,0,0,0,0,0,0,0,0,0,0,0,
WorkFlow,nV-nV,-0.016188648,-35.833565,-8.9450315,0.0067915703,0.053859284,-0.0045424027,0.0095368819,0,0.020849366,0,0,0.05054754
