Scenario,Parameter,Estimate,Units,Stderr,CV%,2.5%CI,97.5%CI,Var.Inf.factor
WorkFlow,CMultStdev,0.532280250129152,,0.0731610617213152,13.7448386829238,0.388517783387413,0.676042716870891,
WorkFlow,tvVmax,3995.46204942094,,160.217072240533,4.00997607432545,3680.63335533806,4310.29074350382,
WorkFlow,tvKm,1216.46849173361,,39.9460435031949,3.28377132450567,1137.97398091763,1294.96300254959,
WorkFlow,tvV,54.6385282975999,,0.268866115331089,0.492081547048,54.1102027777967,55.1668538174031,
WorkFlow,tvKa,1.13015144413819,,0.247374679365,21.888631001453,0.644056884023326,1.61624600425305,
WorkFlow,CEps,0.450505911720271,,0.0250764901758704,5.56629547437348,0.401230272465055,0.499781550975487,
