Scenario,CMultStdev,tvVmax,tvKm,tvV,tvKa,CEps
WorkFlow,0.000963309914269945,,,,,
WorkFlow,-0.112515006845942,26171.5295021345,,,,
WorkFlow,-1.31236908147387,61842.5436442115,185459.20917726,,,
WorkFlow,0.0160713083350491,-22.3828853673716,-58.4863482747306,0.991935469585101,,
WorkFlow,0.000479125492845954,-1.89822872405611,-8.06609622938935,0.0172046217476071,0.0078644531971078,
WorkFlow,-0.000332797960291005,0.431810538051674,-1.90527797886955,-0.00331320769393334,0.000156774541099879,0.00155994051433658
