Scenario,Label,nVmax,nV
WorkFlow,nVmax,0.0175889399972544,0
WorkFlow,nV,0,0.0303429599409304
