Scenario,RetCode,LogLik,-2LL,AIC,BIC,nParm,nObs,nSub,EpsShrinkage,Condition
WorkFlow,1,-3172.325060,6344.650120,6364.650120,6406.387981,10,480,60,0.118200,140243.920910
