Scenario,CMultStdev,tvVmax,tvKm,tvV,tvKa,K12,K21,CEps
WorkFlow,1,,,,,,,
WorkFlow,0.0822048299336875,1,,,,,,
WorkFlow,-0.174941930604658,-0.634227174699378,1,,,,,
WorkFlow,0.00755607405365269,0.824261849368274,-0.545931738141311,1,,,,
WorkFlow,-0.254412001456316,0.75755846741589,-0.415432877794766,0.881840980723968,1,,,
WorkFlow,-0.195551576614116,0.191865475631319,-0.440005013183442,-0.103764621190716,0.0810936582357223,1,,
WorkFlow,0.452873110761851,-0.031632647925029,0.145781502520003,0.170580207232043,-0.05662387548071,-0.302041633947661,1,
WorkFlow,-0.0894555638691371,0.502677877532643,-0.261154333085246,0.366809413137307,0.402001916504621,0.327282644740507,0.0710423899977368,1
