Scenario,Parameter,Estimate,Units,Stderr,CV%,2.5%CI,97.5%CI,Var.Inf.factor
WorkFlow,CMultStdev,0.514938917364628,,0.0182657532820464,3.54716892938049,0.479046270644615,0.550831564084641,
WorkFlow,tvVmax,5261.89568827753,,32.999529515594,0.627141461376942,5197.05081511295,5326.74056144211,
WorkFlow,tvKm,1349.93754279246,,5.12178161689484,0.37940878407604,1339.87311811128,1360.00196747364,
WorkFlow,tvV,44.772487883026,,0.557032051275943,1.24413915244393,43.6779064376594,45.8670693283926,
WorkFlow,tvKa,0.621058268872234,,0.0477163783264849,7.68307592347688,0.527294432057773,0.714822105686695,
WorkFlow,K12,0.695494830773871,,0.00337893417497687,0.485831673431297,0.688855143444259,0.702134518103483,
WorkFlow,K21,0.785807931917524,,0.0031959620464772,0.406710331706429,0.779527789243226,0.792088074591822,
WorkFlow,CEps,0.150389875607624,,0.0183232988455369,12.1838646195462,0.114384150464358,0.18639560075089,
