Scenario,CMultStdev,tvVmax,tvKm,tvV,tvKa,K12,K21,CEps
WorkFlow,0.000333637742960587,,,,,,,
WorkFlow,0.0495498872433949,1088.96894825056,,,,,,
WorkFlow,-0.016366377313556,-107.194783473363,26.2326469311619,,,,,
WorkFlow,7.68801067690786e-05,15.1514128501531,-1.5575413492092,0.310284706148685,,,,
WorkFlow,-0.000221739291296214,1.1928652253313,-0.101528833021352,0.0234389382898869,0.00227685276059624,,,
WorkFlow,-1.20692043438931e-05,0.0213936218006695,-0.00761479845349098,-0.000195303137975471,1.30747711804212e-05,1.14171961588266e-05,,
WorkFlow,2.64372170014184e-05,-0.00333614492809225,0.00238630028051404,0.000303675975909738,-8.6351259560369e-06,-3.26173110771956e-06,1.02141734025227e-05,
WorkFlow,-2.99397803365027e-05,0.303949326612633,-0.0245087949254342,0.0037439007041285,0.000351478902522077,2.02631226044616e-05,4.16028268736954e-06,0.000335743280582853
