Scenario,Var Name,GAMMA,CMultStdev,tvVmax,tvKm,tvV,tvKa,dVdWT,stdev0,nVmax-nVmax,nKm-nVmax,nKm-nKm,nV-nVmax,nV-nKm,nV-nV
WorkFlow,GAMMA,0.01878436,,,,,,,,,,,,,
WorkFlow,CMultStdev,0.00048021744,0.00041580527,,,,,,,,,,,,
WorkFlow,tvVmax,-57.032565,-3.1940311,301452.84,,,,,,,,,,,
WorkFlow,tvKm,-18.860507,-0.91923993,84880.269,26158.496,,,,,,,,,,
WorkFlow,tvV,0.0036232762,-0.0020283574,-192.03142,-55.98986,7.2404226,,,,,,,,,
WorkFlow,tvKa,0.0023293477,0.00035312372,-15.005613,-5.1124414,0.11330118,0.0088375619,,,,,,,,
WorkFlow,dVdWT,0.0063280102,0.00057042935,-15.360575,-5.782982,-0.082663508,0.00064516497,0.054775524,,,,,,,
WorkFlow,stdev0,0.017087123,0.00040868331,-20.651142,-7.2570621,-0.073828571,-0.0085963152,0.0090153832,0.084854745,,,,,,
WorkFlow,nVmax-nVmax,-0.006824556,-0.00042860546,33.959056,10.095145,-0.035410969,-0.003036,-0.00099336729,-0.0014290944,0.0054179558,,,,,
WorkFlow,nKm-nVmax,-0.0016767751,2.6515381e-05,6.2913629,1.717025,0.010472915,-9.1618901e-07,-0.0012002475,-0.001025742,0.00057233337,0.00080408142,,,,
WorkFlow,nKm-nKm,0.00022668544,0.00011116399,-3.0216227,-1.0822762,0.0049525181,0.0010966448,-0.0020521,-0.0043304545,-0.00067103826,4.3692447e-05,0.001638051,,,
WorkFlow,nV-nVmax,-0.0050588137,-0.00033352902,26.261493,7.6236898,-0.030823284,-0.0018978076,0.00025457491,-0.001213506,0.0041404501,0.00017880304,-0.00057310574,0.0039157705,,
WorkFlow,nV-nKm,-0.00060243496,0.00010552203,-0.28372586,-0.15535277,0.0041780539,0.00074575629,-0.0011909873,-0.0025791061,-0.00027938799,0.00057930072,0.00042277867,-0.00039748202,0.00094530479,
WorkFlow,nV-nV,-0.0012407363,-0.00014943995,10.006703,2.5782119,-0.022776941,-2.619212e-05,0.0018852576,-0.0033055877,0.001825826,-0.00029598396,-0.00031984285,0.0029024734,-0.00064880566,0.0050318081
