Scenario,Label,nVmax,nKm,nV
WorkFlow,nVmax,0.166369688754616,0.0794376485778163,0.167765059789269
WorkFlow,nKm,0.0794376485778163,0.0572211409605063,0.0926624674960818
WorkFlow,nV,0.167765059789269,0.0926624674960818,0.166964768573055
