Scenario,RetCode,LogLik,-2LL,AIC,BIC,nParm,nObs,nSub,EpsShrinkage,Condition
WorkFlow,1,-3485.378890,6970.757780,6998.757780,7057.190785,14,480,60,0.141980,27551.818210
