Scenario,GAMMA,CMultStdev,tvVmax,tvKm,tvV,tvKa,dVdWT,CEps
WorkFlow,1,,,,,,,
WorkFlow,-0.146311146444762,1,,,,,,
WorkFlow,-0.591516093337866,0.0954898223287628,1,,,,,
WorkFlow,-0.78767994134735,-0.010700458611378,0.912636268419115,1,,,,
WorkFlow,0.222204820821389,0.477648752490969,-0.385674350079646,-0.440762699426994,1,,,
WorkFlow,0.197531364652961,-0.128680103083482,-0.546352039263657,-0.462169346052877,0.325153001927113,1,,
WorkFlow,0.0558935295454204,-0.192099955933233,0.0571289560989485,0.0552543075172833,-0.0927475086609381,-0.0514537608595398,1,
WorkFlow,-0.172638455251171,0.212987366834996,-0.0651718932978401,0.0110000648687078,-0.0484275869238853,-0.159355820237449,-0.442347134519228,1
