Scenario,Var Name,GAMMA,CMultStdev,tvVmax,tvKm,tvV,tvKa,dVdWT,stdev0,nVmax-nVmax,nKm-nVmax,nKm-nKm,nV-nVmax,nV-nKm,nV-nV
WorkFlow,GAMMA,0.0190889,,,,,,,,,,,,,
WorkFlow,CMultStdev,-0.00070648431,0.001221432,,,,,,,,,,,,
WorkFlow,tvVmax,-53.967566,2.2037765,436065.4,,,,,,,,,,,
WorkFlow,tvKm,-21.925902,-0.075344971,121420.15,40591.439,,,,,,,,,,
WorkFlow,tvV,0.13150051,0.071503419,-1090.8878,-380.36939,18.347082,,,,,,,,,
WorkFlow,tvKa,0.0041880692,-0.00069013394,-55.365052,-14.289127,0.21372661,0.023549119,,,,,,,,
WorkFlow,dVdWT,0.0033963806,-0.0029527473,16.591913,4.8960713,-0.17472302,-0.0034727124,0.19343218,,,,,,,
WorkFlow,stdev0,-0.027991376,0.0087354393,-50.504771,2.6008106,-0.24342915,-0.028697992,-0.22830942,1.3771857,,,,,,
WorkFlow,nVmax-nVmax,-0.006487392,0.00025688904,51.252203,11.328474,-0.10838719,-0.0033100882,0.0016410084,-0.055111685,0.027678873,,,,,
WorkFlow,nKm-nVmax,0.0011139584,-0.00077567891,19.632213,4.3474354,-0.11148626,-0.0016479801,0.0070876027,-0.024930158,0.0024581396,0.00631034,,,,
WorkFlow,nKm-nKm,-0.003031477,-5.7917063e-05,4.3805828,2.874505,-0.022302866,-0.0013595364,0.00037746232,0.0041464637,0.0012643139,-0.00098074219,0.003274259,,,
WorkFlow,nV-nVmax,-0.0074185177,0.00032662757,51.248155,11.884189,-0.098652416,-0.004514257,-0.0009122589,-0.04723355,0.027125804,0.0018473626,0.0017205502,0.028145115,,
WorkFlow,nV-nKm,0.0039923147,-0.00076107076,15.523487,1.9119178,-0.072319645,-0.0017705578,0.010901091,-0.033672335,0.0019800473,0.006637617,-0.0025344876,0.0010360629,0.0085863329,
WorkFlow,nV-nV,-0.0061862891,0.00037763082,42.365501,9.3635186,-0.052962958,-0.0046001378,-0.0030688882,-0.041671949,0.024743009,0.0010642696,0.0017353306,0.027039815,0.00019314574,0.027877234
