Scenario,Var Name,GAMMA,CMultStdev,tvVmax,tvKm,tvV,tvKa,K12,K21,K13,K31,dVdWT,stdev0,nVmax-nVmax,nKm-nVmax,nKm-nKm,nV-nVmax,nV-nKm,nV-nV
WorkFlow,GAMMA,1.2250866,,,,,,,,,,,,,,,,,
WorkFlow,CMultStdev,0.03423387,0.041855281,,,,,,,,,,,,,,,,
WorkFlow,tvVmax,-10063.331,-285.43914,700170890,,,,,,,,,,,,,,,
WorkFlow,tvKm,2292.3717,945.77607,274028760,325443970,,,,,,,,,,,,,,
WorkFlow,tvV,-62.045875,5.2947769,-982436.67,-2023453.6,95598.147,,,,,,,,,,,,,
WorkFlow,tvKa,-0.98473115,0.22798462,7674.9954,14976.457,1246.3418,25.82399,,,,,,,,,,,,
WorkFlow,K12,0.11329356,-0.10724735,-45788.413,-35528.168,-987.36374,-20.63769,42.353094,,,,,,,,,,,
WorkFlow,K21,-1.431862,0.18350576,-100685.08,-77082.698,70.434398,-5.8367254,75.945834,205.06485,,,,,,,,,,
WorkFlow,K13,0.087220209,-0.017583382,-2321.7736,-2917.5829,-60.938673,-1.6197578,1.5392258,1.0765172,0.11851505,,,,,,,,,
WorkFlow,K31,-0.0030018827,-0.00029142692,-22.501193,-111.31625,2.0901129,0.013711118,-0.0097909145,0.011144246,-0.00014068598,7.0669407e-05,,,,,,,,
WorkFlow,dVdWT,-0.61089048,-0.043061989,2715.9518,-7029.561,100.27234,0.5198606,-0.15693294,0.94806342,-0.0049430708,0.0044360376,0.46071343,,,,,,,
WorkFlow,stdev0,0.39827299,-0.16374424,-2061.9788,446.42925,-441.73937,-8.3712543,-9.3578494,-44.723935,0.38649804,-0.005935245,-0.1911283,14.840399,,,,,,
WorkFlow,nVmax-nVmax,0.48497924,-0.009206009,24072.155,21896.647,-491.44693,-4.4746804,1.9636225,-6.1038227,0.16370089,-0.012804483,-0.69155297,1.8550851,3.8527864,,,,,
WorkFlow,nKm-nVmax,0,0,0,0,0,0,0,0,0,0,0,0,0,0,,,,
WorkFlow,nKm-nKm,-0.25261959,-0.019149811,193.83166,-3647.6142,53.000086,0.31063208,-0.10022871,0.50307579,-0.0028987662,0.0021575137,0.20453708,-0.10505257,-0.37064264,0,0.093236199,,,
WorkFlow,nV-nVmax,0,0,0,0,0,0,0,0,0,0,0,0,0,0,0,0,,
WorkFlow,nV-nKm,0,0,0,0,0,0,0,0,0,0,0,0,0,0,0,0,0,
WorkFlow,nV-nV,0.29339587,0.033421938,-7695.4527,-1486.4108,57.420557,0.61308108,-0.011600953,1.8680131,-0.02577704,0.00049215819,-0.12761149,-0.49097237,-0.58218913,0,-0.040873953,0,0,0.2747711
