Scenario,Label,nVmax,nKm,nV
WorkFlow,nVmax,1.70828520039565,0,0
WorkFlow,nKm,0,0.302741657030742,0
WorkFlow,nV,0,0,0.472468779240105
