Scenario,Var Name,GAMMA,CMultStdev,tvVmax,tvKm,tvV,tvKa,K12,K21,K13,K31,dVdWT,stdev0,nVmax-nVmax,nKm-nVmax,nKm-nKm,nV-nVmax,nV-nKm,nV-nV
WorkFlow,GAMMA,1.1498074,,,,,,,,,,,,,,,,,
WorkFlow,CMultStdev,0.0419912,0.040189214,,,,,,,,,,,,,,,,
WorkFlow,tvVmax,-6956.8037,-736.37199,354165000,,,,,,,,,,,,,,,
WorkFlow,tvKm,3657.5213,624.06902,94123542,247273270,,,,,,,,,,,,,,
WorkFlow,tvV,-7.4543494,-13.108035,-286965.39,-2864989,87487.918,,,,,,,,,,,,,
WorkFlow,tvKa,0.22207608,-0.17102422,-6293.3355,-10474.052,961.9219,17.79531,,,,,,,,,,,,
WorkFlow,K12,-1.340527,0.076961825,-13586.493,7270.2396,-959.65883,-12.772595,26.248448,,,,,,,,,,,
WorkFlow,K21,-2.9718402,-0.1281825,-37043.938,-10769.789,-346.03817,0.17078085,42.893563,115.20591,,,,,,,,,,
WorkFlow,K13,-0.0015464212,0.0069352824,-264.9112,-817.24397,-40.470578,-0.9894133,0.75121709,0.12896328,0.066563223,,,,,,,,,
WorkFlow,K31,-0.0023232481,-0.00048031724,12.209795,-115.85587,2.2878096,0.015393798,-0.020152647,-0.011872302,-0.00026249218,7.8480016e-05,,,,,,,,
WorkFlow,dVdWT,-0.56713822,-0.047714743,3405.3764,-7373.6764,105.4684,0.5085136,-0.31058818,0.58643679,-0.00039076703,0.0046798171,0.45876358,,,,,,,
WorkFlow,stdev0,0.31296507,0.083982966,-1258.2295,-969.33909,-232.24885,-5.9886175,-5.1376678,-25.923334,0.3063491,-0.0016183646,-0.14122493,8.8189295,,,,,,
WorkFlow,nVmax-nVmax,0.34248023,0.041025049,8309.5711,18481.356,-417.88971,-3.3160954,3.3221187,-0.35327914,0.1237578,-0.012235292,-0.66861313,0.51882668,2.9182383,,,,,
WorkFlow,nKm-nVmax,0,0,0,0,0,0,0,0,0,0,0,0,0,0,,,,
WorkFlow,nKm-nKm,-0.23251353,-0.021743206,975.44918,-3640.7328,53.983761,0.30457799,-0.22102822,0.19776556,-0.0022384818,0.0022394992,0.20303353,-0.058915612,-0.33667506,0,0.091652511,,,
WorkFlow,nV-nVmax,0,0,0,0,0,0,0,0,0,0,0,0,0,0,0,0,,
WorkFlow,nV-nKm,0,0,0,0,0,0,0,0,0,0,0,0,0,0,0,0,0,
WorkFlow,nV-nV,0.2963801,0.022993011,-3995.8936,-394.20247,46.22346,0.51848637,-0.59085318,0.08637212,-0.030470653,0.00036376903,-0.12395938,-0.12174901,-0.38974221,0,-0.044266569,0,0,0.22322675
