Scenario,Var Name,CMultStdev,tvVmax,tvKm,tvV,tvKa,stdev0,nVmax-nVmax,nV-nVmax,nV-nV
WorkFlow,CMultStdev,0.00068297735,,,,,,,,
WorkFlow,tvVmax,6.046634,745322.12,,,,,,,
WorkFlow,tvKm,2.38452,318624.88,143899.72,,,,,,
WorkFlow,tvV,-0.023225442,-1868.6852,-912.37843,11.565173,,,,,
WorkFlow,tvKa,-0.00069710454,-56.984021,-27.391337,0.25108753,0.013440064,,,,
WorkFlow,stdev0,-0.0002580971,-20.318615,-8.5222912,0.055609665,0.0014685258,0.0055114503,,,
WorkFlow,nVmax-nVmax,-6.5052039e-05,0.92791371,0.80947992,-0.010335982,-0.00043358204,-8.220708e-05,0.0003082235,,
WorkFlow,nV-nVmax,0,0,0,0,0,0,0,0,
WorkFlow,nV-nV,-7.8277324e-05,1.5468217,0.44876175,-0.0010769993,-0.0003880562,-0.00059360211,8.7705277e-05,0,0.0011940227
