Scenario,Var Name,CMultStdev,tvVmax,tvKm,tvV,tvKa,stdev0,nVmax-nVmax,nV-nVmax,nV-nV
WorkFlow,CMultStdev,0.00060844854,,,,,,,,
WorkFlow,tvVmax,3.3686704,653239.76,,,,,,,
WorkFlow,tvKm,1.1882763,277430.21,124711.68,,,,,,
WorkFlow,tvV,-0.018231744,-2001.6331,-962.36834,13.426423,,,,,
WorkFlow,tvKa,-0.00054799878,-64.860563,-30.778087,0.31972104,0.016685872,,,,
WorkFlow,stdev0,-7.4221564e-05,-15.702347,-6.1884659,0.045021173,0.0014385058,0.0069190502,,,
WorkFlow,nVmax-nVmax,-5.977501e-05,1.464842,1.0424516,-0.012752311,-0.0005302083,-0.00021666601,0.00032413961,,
WorkFlow,nV-nVmax,0,0,0,0,0,0,0,0,
WorkFlow,nV-nV,-5.128132e-05,3.8097979,1.4287939,-0.0064834776,-0.0005998938,-0.00066613253,9.0472085e-05,0,0.0012429213
