Scenario,Label,nVmax,nV
WorkFlow,nVmax,0.0180038776625736,0
WorkFlow,nV,0,0.0352550884868258
