Scenario,Label,nVmax,nV
WorkFlow,nVmax,0.0178671596053491,0
WorkFlow,nV,0,0.0352757191447966
