Scenario,Label,nVmax,nV
WorkFlow,nVmax,0.0449614330858428,0
WorkFlow,nV,0,0.0596831479849084
