Scenario,Label,nVmax,nV
WorkFlow,nVmax,0.0175562951296075,0
WorkFlow,nV,0,0.0345546338736029
