Scenario,RetCode,LogLik,-2LL,AIC,BIC,nParm,nObs,nSub,EpsShrinkage,Condition
WorkFlow,1,-3166.708720,6333.417440,6349.417440,6382.807729,8,480,60,0.125760,32964.696720
