Scenario,RetCode,LogLik,-2LL,AIC,BIC,nParm,nObs,nSub,EpsShrinkage,Condition
WorkFlow,1,-3166.709450,6333.418900,6349.418900,6382.809189,8,480,60,0.126600,37386.286350
