Scenario,Var Name,CMultStdev,tvVmax,tvKm,tvV,tvKa,stdev0,nVmax-nVmax,nV-nVmax,nV-nV
WorkFlow,CMultStdev,0.0003541518,,,,,,,,
WorkFlow,tvVmax,0.24794105,685.77827,,,,,,,
WorkFlow,tvKm,-0.016595398,91.526619,55.846007,,,,,,
WorkFlow,tvV,-0.00048176395,2.2361871,0.21961938,0.074500911,,,,,
WorkFlow,tvKa,-0.00034220541,-0.12126486,0.066852371,0.0057863774,0.0014127324,,,,
WorkFlow,stdev0,0.00032471119,1.9878712,0.41861602,0.0021267121,-0.00011033585,0.01044109,,,
WorkFlow,nVmax-nVmax,-8.6506705e-05,0.10403638,-0.012646581,0.0027235464,-4.870443e-05,0.00053273901,0.0020215305,,
WorkFlow,nV-nVmax,0,0,0,0,0,0,0,0,
WorkFlow,nV-nV,0.00040922997,0.51165291,0.068496468,0.00066459371,-0.0002546345,-0.00093614092,-0.00010998259,0,0.0035620782
