Scenario,CMultStdev,tvVmax,tvKm,tvV,tvKa,CEps
WorkFlow,1,,,,,
WorkFlow,0.50310872846229,1,,,,
WorkFlow,-0.11800404429488,0.467691518712207,1,,,
WorkFlow,-0.0937904864318653,0.312849518270551,0.107669774764574,1,,
WorkFlow,-0.483795909626634,-0.12320069640238,0.238007579913019,0.56402194811482,1,
WorkFlow,0.168861098394043,0.742888213033484,0.548209893640996,0.0762526601489388,-0.0287285552698591,1
