Scenario,CMultStdev,tvVmax,tvKm,tvV,tvKa,CEps
WorkFlow,1,,,,,
WorkFlow,0.175550754114251,1,,,,
WorkFlow,0.139420145137054,0.964793748230714,1,,,
WorkFlow,-0.203854945634306,-0.633026871756887,-0.712630690615639,1,,
WorkFlow,-0.169257085188236,-0.560641846486148,-0.623440121654705,0.635960333705001,1,
WorkFlow,-0.0354862860528599,-0.245647043561133,-0.221647421987234,0.141779436743884,0.122736307030315,1
