Scenario,Parameter,Estimate,Units,Stderr,CV%,2.5%CI,97.5%CI,Var.Inf.factor
WorkFlow,CMultStdev,0.551633230582184,,0.018818921219361,3.41149158100933,0.514654000017991,0.588612461146377,
WorkFlow,tvVmax,4754.80930228551,,26.187368608912,0.55075539194231,4703.35105287947,4806.26755169155,
WorkFlow,tvKm,2789.72697363141,,7.4730186231799,0.267876343951043,2775.0424720356,2804.41147522722,
WorkFlow,tvV,62.0189242830336,,0.272948549192113,0.440105261978533,61.4825796533344,62.5552689127328,
WorkFlow,tvKa,0.78818965064615,,0.0375863331486808,4.76869153481879,0.714332405410557,0.862046895881743,
WorkFlow,CEps,0.554590435135554,,0.102181651019117,18.4247048894995,0.353803217397566,0.755377652873542,
