Scenario,CMultStdev,tvVmax,tvKm,tvV,tvKa,CEps
WorkFlow,0.000608448538185399,,,,,
WorkFlow,3.36867042588588,653239.756577806,,,,
WorkFlow,1.18827634725911,277430.212923856,124711.683397427,,,
WorkFlow,-0.0182317441725935,-2001.63306478267,-962.368342147647,13.4264227300847,,
WorkFlow,-0.000547998778816775,-64.8605629303195,-30.7780866486917,0.319721036718409,0.0166858715286739,
WorkFlow,-7.42215643278352e-05,-15.7023471287473,-6.18846589833903,0.0450211732546827,0.00143850579372463,0.00691905023304492
