Scenario,Parameter,Estimate,Units,Stderr,CV%,2.5%CI,97.5%CI,Var.Inf.factor
WorkFlow,CMultStdev,0.529243329513879,,0.0247797893769089,4.68211652278539,0.48055097706606,0.577935681961698,
WorkFlow,tvVmax,4495.79798831748,,716.382935038061,15.9345001020867,3088.10360359517,5903.49237303979,
WorkFlow,tvKm,1244.66993503959,,313.399007548609,25.1792863895793,628.84004640568,1860.4998236735,
WorkFlow,tvV,43.5990072055238,,3.46597199958688,7.9496580810853,36.7883629497892,50.4096514612583,
WorkFlow,tvKa,0.950164063211853,,0.121797473113248,12.8185729000878,0.710831702557873,1.18949642386583,
WorkFlow,CEps,0.49488129580839,,0.0808982482071214,16.3470005620184,0.335916021560216,0.653846570056564,
