Scenario,CMultStdev,tvVmax,tvKm,tvV,tvKa,CEps
WorkFlow,0.000614037961563966,,,,,
WorkFlow,3.11634507953764,513204.509613746,,,,
WorkFlow,1.08273146523608,216609.414987356,98218.9379324528,,,
WorkFlow,-0.0175082973043547,-1571.78242327376,-774.082392066996,12.0129619019203,,
WorkFlow,-0.000510837471285899,-48.9180369473228,-23.7974620577444,0.268468512597271,0.0148346244567723,
WorkFlow,-7.11372835311618e-05,-14.2362593431559,-5.61952255330511,0.0397536869945514,0.00120934565179073,0.00654452656298102
