Scenario,CMultStdev,tvVmax,tvKm,tvV,tvKa,CEps
WorkFlow,1,,,,,
WorkFlow,0.168970268294911,1,,,,
WorkFlow,0.13641180507066,0.971994662925561,1,,,
WorkFlow,-0.201714042839469,-0.675877523235979,-0.743716811948476,1,,
WorkFlow,-0.171986047927066,-0.621255092554204,-0.674704488758192,0.675486395161494,1,
WorkFlow,-0.0361738668479639,-0.233563528717338,-0.210671695024733,0.147711193874043,0.133879451947238,1
