Scenario,Var Name,CMultStdev,tvVmax,tvKm,tvV,tvKa,stdev0,nVmax-nVmax,nV-nVmax,nV-nV
WorkFlow,CMultStdev,0.00061403796,,,,,,,,
WorkFlow,tvVmax,3.1163451,513204.51,,,,,,,
WorkFlow,tvKm,1.0827315,216609.41,98218.938,,,,,,
WorkFlow,tvV,-0.017508297,-1571.7824,-774.08239,12.012962,,,,,
WorkFlow,tvKa,-0.00051083747,-48.918037,-23.797462,0.26846851,0.014834624,,,,
WorkFlow,stdev0,-7.1137284e-05,-14.236259,-5.6195226,0.039753687,0.0012093457,0.0065445266,,,
WorkFlow,nVmax-nVmax,-6.0879821e-05,1.0815746,0.87547869,-0.011436565,-0.00048236866,-0.00018937743,0.00031923539,,
WorkFlow,nV-nVmax,0,0,0,0,0,0,0,0,
WorkFlow,nV-nV,-4.7516372e-05,3.4661101,1.2844401,-0.0060007141,-0.00054143228,-0.00064934499,8.596001e-05,0,0.0012443764
