Scenario,Parameter,Estimate,Units,Stderr,CV%,2.5%CI,97.5%CI,Var.Inf.factor
WorkFlow,CMultStdev,0.529072080890141,,0.0246667496477627,4.66226636005096,0.480601851812641,0.577542309967641,
WorkFlow,tvVmax,4490.11383100851,,808.232489187242,18.0002672450223,2901.93482655111,6078.29283546591,
WorkFlow,tvKm,1242.38611091374,,353.14541395497,28.4247715627826,548.454427311538,1936.31779451594,
WorkFlow,tvV,43.6273483784516,,3.66420833606452,8.39887930909489,36.4271691909663,50.8275275659369,
WorkFlow,tvKa,0.95093787788103,,0.12917380356974,13.5838319804421,0.697111008137565,1.20476474762449,
WorkFlow,CEps,0.501305090003779,,0.0831808285186251,16.5928553643846,0.337854539334259,0.664755640673299,
