Scenario,CMultStdev,tvVmax,tvKm,tvV,tvKa,CEps
WorkFlow,0.000354151795860515,,,,,
WorkFlow,0.247941050823363,685.778274659028,,,,
WorkFlow,-0.0165953983173396,91.5266190825002,55.8460073423936,,,
WorkFlow,-0.000481763954136714,2.23618712223683,0.21961937906953,0.0745009105060795,,
WorkFlow,-0.000342205413236009,-0.121264863673176,0.066852370559613,0.00578637736641968,0.00141273243956362,
WorkFlow,0.000324711185833646,1.98787121307733,0.4186160247089,0.00212671211416966,-0.000110335853984868,0.0104410898049926
