Scenario,Var Name,CMultStdev,tvVmax,tvKm,tvV,tvKa,stdev0,nVmax-nVmax
WorkFlow,CMultStdev,0.00070761562,,,,,,
WorkFlow,tvVmax,-1.6280192,352663.38,,,,,
WorkFlow,tvKm,0.21732531,138551.72,64599.617,,,,
WorkFlow,tvV,-0.017905383,-713.1336,-432.77717,5.506594,,,
WorkFlow,tvKa,-0.0012770227,-32.486264,-20.522159,0.29290742,0.02511096,,
WorkFlow,stdev0,-0.00019820019,5.166662,2.4996247,-0.013149776,0.0019189555,0.007935233,
WorkFlow,nVmax-nVmax,2.5156114e-05,-1.2322617,-0.14841876,-0.0015699399,-8.8180452e-06,7.4439866e-05,0.00032011781
