Scenario,ID,Eta,Value
WorkFlow,1,nVmax,0.167879995015713
WorkFlow,2,nVmax,0.0630707014361939
WorkFlow,3,nVmax,-0.0509874509936018
WorkFlow,4,nVmax,0.0939733144430033
WorkFlow,5,nVmax,0.131389894978251
WorkFlow,6,nVmax,0.179944425326588
WorkFlow,7,nVmax,-0.203281728040433
WorkFlow,8,nVmax,0.132292747131739
WorkFlow,9,nVmax,0.0640723121800447
WorkFlow,10,nVmax,0.19400839148888
WorkFlow,11,nVmax,0.120995695045646
WorkFlow,12,nVmax,0.23097660633778
WorkFlow,13,nVmax,-0.127795999292181
WorkFlow,14,nVmax,0.0626080837428422
WorkFlow,15,nVmax,-0.456400204522196
WorkFlow,16,nVmax,0.0123128756586359
WorkFlow,17,nVmax,-0.581129071433936
WorkFlow,18,nVmax,0.130514821439866
WorkFlow,19,nVmax,-0.355962474308428
WorkFlow,20,nVmax,0.303490135066748
WorkFlow,21,nVmax,0.52457720869508
WorkFlow,22,nVmax,0.210147002177237
WorkFlow,23,nVmax,-0.0487022814253684
WorkFlow,24,nVmax,0.0694383702057798
WorkFlow,25,nVmax,0.301186350131132
WorkFlow,26,nVmax,0.115885224103643
WorkFlow,27,nVmax,0.267036220783091
WorkFlow,28,nVmax,-0.308549497333037
WorkFlow,29,nVmax,-0.33680217660499
WorkFlow,30,nVmax,0.310324205668656
WorkFlow,31,nVmax,-0.271763570741112
WorkFlow,32,nVmax,0.358662696320721
WorkFlow,33,nVmax,-0.401152823666437
WorkFlow,34,nVmax,-0.0923492898594394
WorkFlow,35,nVmax,0.155361217369575
WorkFlow,36,nVmax,0.0208641080612211
WorkFlow,37,nVmax,0.113501583297774
WorkFlow,38,nVmax,-0.693810142440488
WorkFlow,39,nVmax,0.220039187966874
WorkFlow,40,nVmax,0.688660675365779
WorkFlow,41,nVmax,-0.28114811093502
WorkFlow,42,nVmax,-0.421978734997679
WorkFlow,43,nVmax,-0.302582102588719
WorkFlow,44,nVmax,0.158154873878217
WorkFlow,45,nVmax,0.565072167500116
WorkFlow,46,nVmax,-0.139201297165342
WorkFlow,47,nVmax,-0.0883837878155206
WorkFlow,48,nVmax,0.105103207084778
WorkFlow,49,nVmax,0.0401224554045459
WorkFlow,50,nVmax,0.189079577495383
WorkFlow,51,nVmax,-0.366574211370497
WorkFlow,52,nVmax,-0.148174857520979
WorkFlow,53,nVmax,-0.165261027484393
WorkFlow,54,nVmax,-0.637190627458273
WorkFlow,55,nVmax,-0.1617984825924
WorkFlow,56,nVmax,0.352764005531173
WorkFlow,57,nVmax,0.529074798714797
WorkFlow,58,nVmax,-0.227334236953026
WorkFlow,59,nVmax,-0.72532441385335
WorkFlow,60,nVmax,0.358428345184699
