Scenario,ID,Eta,Value
WorkFlow,1,nVmax,0.354200135879784
WorkFlow,2,nVmax,0.322994447199498
WorkFlow,3,nVmax,-0.500599610558904
WorkFlow,4,nVmax,0.096983768993428
WorkFlow,5,nVmax,-0.126454026737312
WorkFlow,6,nVmax,0.0258214967556254
WorkFlow,7,nVmax,0.568640767120014
WorkFlow,8,nVmax,0.16703422070056
WorkFlow,9,nVmax,0.110061182830682
WorkFlow,10,nVmax,-0.197475825536971
WorkFlow,11,nVmax,-0.0763260918348642
WorkFlow,12,nVmax,-0.101302678682154
WorkFlow,13,nVmax,0.286273886894349
WorkFlow,14,nVmax,0.237443468122473
WorkFlow,15,nVmax,-0.0352793704230973
WorkFlow,16,nVmax,-0.194666773473097
WorkFlow,17,nVmax,0.64679393775986
WorkFlow,18,nVmax,0.251011333752939
WorkFlow,19,nVmax,0.0446790322854085
WorkFlow,20,nVmax,0.339215632196335
WorkFlow,21,nVmax,-0.363684884450478
WorkFlow,22,nVmax,0.152216050281641
WorkFlow,23,nVmax,0.0860481544479428
WorkFlow,24,nVmax,0.806157164735988
WorkFlow,25,nVmax,0.218588653465031
WorkFlow,26,nVmax,-0.718165576497375
WorkFlow,27,nVmax,-0.0558185349521889
WorkFlow,28,nVmax,0.485611836577145
WorkFlow,29,nVmax,0.117602636003974
WorkFlow,30,nVmax,-0.0485436188514047
WorkFlow,31,nVmax,0.179470819927412
WorkFlow,32,nVmax,0.0901022478040966
WorkFlow,33,nVmax,0.782757707646617
WorkFlow,34,nVmax,-0.111172520627089
WorkFlow,35,nVmax,-0.0673747477249561
WorkFlow,36,nVmax,-0.0717942609813162
WorkFlow,37,nVmax,-0.015810501948082
WorkFlow,38,nVmax,0.286707359069609
WorkFlow,39,nVmax,0.32379050526822
WorkFlow,40,nVmax,0.343902501472346
WorkFlow,41,nVmax,0.755972449562058
WorkFlow,42,nVmax,0.221704285825734
WorkFlow,43,nVmax,0.354181018973931
WorkFlow,44,nVmax,0.132599247951026
WorkFlow,45,nVmax,-0.104589562254107
WorkFlow,46,nVmax,0.210843082562354
WorkFlow,47,nVmax,0.244576909945661
WorkFlow,48,nVmax,0.00333773836852186
WorkFlow,49,nVmax,-0.114740928600804
WorkFlow,50,nVmax,0.0700169880170364
WorkFlow,51,nVmax,-0.0441023223331112
WorkFlow,52,nVmax,0.236708913856492
WorkFlow,53,nVmax,0.490088866588243
WorkFlow,54,nVmax,0.636205649620565
WorkFlow,55,nVmax,0.429504889144491
WorkFlow,56,nVmax,0.203753790480351
WorkFlow,57,nVmax,-0.259905419143877
WorkFlow,58,nVmax,0.0711801570079016
WorkFlow,59,nVmax,-0.168109190786067
WorkFlow,60,nVmax,0.322326267554914
