Scenario,RetCode,LogLik,-2LL,AIC,BIC,nParm,nObs,nSub,EpsShrinkage,Condition
WorkFlow,1,-3144.952950,6289.905900,6303.905900,6333.122403,7,480,60,0.066300,26507.138110
