Scenario,RetCode,LogLik,-2LL,AIC,BIC,nParm,nObs,nSub,EpsShrinkage,Condition
WorkFlow,1,-3144.952780,6289.905560,6303.905560,6333.122063,7,480,60,0.066030,27179.315840
