Scenario,CMultStdev,tvVmax,tvKm,tvV,tvKa,CEps
WorkFlow,1,,,,,
WorkFlow,-0.105891739446986,1,,,,
WorkFlow,0.0258999752799545,0.921787754863601,1,,,
WorkFlow,-0.280030389356187,-0.525914359445691,-0.732446133607075,1,,
WorkFlow,-0.29830042016619,-0.358185501547466,-0.517760631255007,0.790298142121509,1,
WorkFlow,-0.0815160135079256,0.110842630627151,0.12450912802907,-0.0760390286160513,0.123678322137178,1
