Scenario,CMultStdev,tvVmax,tvKm,tvV,tvKa,CEps
WorkFlow,0.00070658350892404,,,,,
WorkFlow,-1.71162662996848,369768.922364785,,,,
WorkFlow,0.179352405523215,146023.329351981,67865.9941863284,,,
WorkFlow,-0.0176413076697957,-757.921268239495,-452.215724949103,5.61678399986413,,
WorkFlow,-0.00125897019614843,-34.5822337483974,-21.4158328389193,0.2973819862653,0.0252092352385349,
WorkFlow,-0.000196895196514451,6.124666818923,2.94739090746042,-0.0163753601965192,0.00178436567462007,0.00825697329433947
