Scenario,Var Name,CMultStdev,tvVmax,tvKm,tvV,tvKa,stdev0,nVmax-nVmax
WorkFlow,CMultStdev,0.00070658351,,,,,,
WorkFlow,tvVmax,-1.7116266,369768.92,,,,,
WorkFlow,tvKm,0.17935241,146023.33,67865.994,,,,
WorkFlow,tvV,-0.017641308,-757.92127,-452.21572,5.616784,,,
WorkFlow,tvKa,-0.0012589702,-34.582234,-21.415833,0.29738199,0.025209235,,
WorkFlow,stdev0,-0.0001968952,6.1246668,2.9473909,-0.01637536,0.0017843657,0.0082569733,
WorkFlow,nVmax-nVmax,2.5476127e-05,-1.1182524,-0.097329662,-0.0019173281,-2.4882132e-05,9.0229937e-05,0.00032372292
