Scenario,Parameter,Estimate,Units,Stderr,CV%,2.5%CI,97.5%CI,Var.Inf.factor
WorkFlow,CMultStdev,0.536378856165148,,0.0266010455246576,4.9593762354546,0.484108014597185,0.588649697733111,
WorkFlow,tvVmax,4896.63289636827,,593.854677358228,12.1278170107193,3729.71320797437,6063.55258476217,
WorkFlow,tvKm,1445.83331778497,,254.164547148039,17.5791043145569,946.402016716246,1945.26461885369,
WorkFlow,tvV,42.0728692395541,,2.34661331179507,5.57749769437863,37.4617928618074,46.6839456173008,
WorkFlow,tvKa,1.2006029516133,,0.158464382287778,13.1987333593378,0.889221708607208,1.51198419461939,
WorkFlow,CEps,0.616290767513654,,0.0890799245733398,14.4542039681563,0.441249428633082,0.791332106394225,
