Scenario,Var Name,CMultStdev,tvVmax,tvKm,tvV,tvKa,stdev0,nVmax-nVmax
WorkFlow,CMultStdev,0.00091973319,,,,,,
WorkFlow,tvVmax,-0.32683438,375.86271,,,,,
WorkFlow,tvKm,-0.14130132,2.7880202,50.368689,,,,
WorkFlow,tvV,-0.0064413305,8.087073,-0.92233446,0.2371793,,,
WorkFlow,tvKa,-0.00086947057,1.0595721,-0.078728146,0.029138675,0.012583288,,
WorkFlow,stdev0,5.388098e-07,0.16922005,-0.097156093,0.0033369524,0.0014769621,0.0017394484,
WorkFlow,nVmax-nVmax,0.00023927901,-0.047918084,-0.03339365,-0.0016498854,6.1723365e-05,0.0001808873,0.00055707062
