Scenario,CMultStdev,tvVmax,tvKm,tvV,tvKa,CEps
WorkFlow,0.000919733187867155,,,,,
WorkFlow,-0.326834376920295,375.862712193477,,,,
WorkFlow,-0.141301319153899,2.78802024954187,50.3686891118925,,,
WorkFlow,-0.00644133052737485,8.08707297444488,-0.922334456734308,0.237179300997779,,
WorkFlow,-0.000869470567328542,1.05957209378374,-0.0787281455391412,0.0291386753791791,0.0125832876122362,
WorkFlow,5.38809804755482e-07,0.169220052122415,-0.0971560933227597,0.00333695242837093,0.00147696214608573,0.00173944838906884
