Scenario,CMultStdev,tvVmax,tvKm,tvV,tvKa,CEps
WorkFlow,1,,,,,
WorkFlow,-0.555881447052202,1,,,,
WorkFlow,-0.65650035201931,0.020262870928572,1,,,
WorkFlow,-0.436120261213112,0.856521655996826,-0.266851542133131,1,,
WorkFlow,-0.25558001693129,0.487212955807498,-0.0988900589915929,0.533377082087302,1,
WorkFlow,0.000425989394859615,0.209281784193855,-0.328234287448439,0.164288002513949,0.315694146454413,1
