Scenario,Parameter,Estimate,Units,Stderr,CV%,2.5%CI,97.5%CI,Var.Inf.factor
WorkFlow,CMultStdev,0.54134769796641,,0.0303271031895095,5.60214873055417,0.481755182906628,0.600940213026192,
WorkFlow,tvVmax,5123.15615464686,,19.3871790674527,0.378422567695266,5085.06050293478,5161.25180635894,
WorkFlow,tvKm,1365.00303238438,,7.09709018625891,0.519932191935262,1351.05730696635,1378.94875780241,
WorkFlow,tvV,42.4270037599936,,0.487010575858245,1.14787878638149,41.4700318759745,43.3839756440127,
WorkFlow,tvKa,1.21056790511773,,0.112175254010126,9.26633306036776,0.990144428725641,1.43099138150982,
WorkFlow,CEps,0.60341445408753,,0.0417066947751658,6.91178252238484,0.521461132632729,0.685367775542331,
