Scenario,Var Name,GAMMA,CMultStdev,tvVmax,tvKm,tvV,tvKa,dVdWT,stdev0,nVmax-nVmax,nKm-nVmax,nKm-nKm,nV-nVmax,nV-nKm,nV-nV,nKa-nVmax,nKa-nKm,nKa-nV,nKa-nKa
WorkFlow,GAMMA,0.0086475339,,,,,,,,,,,,,,,,,
WorkFlow,CMultStdev,4.8238685e-05,0.0011037931,,,,,,,,,,,,,,,,
WorkFlow,tvVmax,-11.615726,-1.1483351,138014.5,,,,,,,,,,,,,,,
WorkFlow,tvKm,-6.3044569,-0.9379106,23666.182,10064.762,,,,,,,,,,,,,,
WorkFlow,tvV,0.069905208,0.040182364,-124.27485,-97.035466,8.5163142,,,,,,,,,,,,,
WorkFlow,tvKa,0.00079663355,0.00064588036,-38.146394,-6.0786981,0.02380639,0.026760907,,,,,,,,,,,,
WorkFlow,dVdWT,-0.0073483675,-0.0014990156,-4.5171277,10.085007,-0.24523919,-0.0020854706,0.15789874,,,,,,,,,,,
WorkFlow,stdev0,0.1422515,-0.017888218,-102.84595,-23.469746,1.21877,-0.026009639,-0.15773093,10.891097,,,,,,,,,,
WorkFlow,nVmax-nVmax,-0.0012717047,-0.0001620092,-6.9370809,0.2274418,-0.0091406674,0.0018804766,0.0031904536,0.00065349844,0.0037422536,,,,,,,,,
WorkFlow,nKm-nVmax,0,0,0,0,0,0,0,0,0,0,,,,,,,,
WorkFlow,nKm-nKm,-0.00078438989,-0.00013805792,-2.8109786,0.10116411,-0.011644646,0.001098472,0.0042604932,-0.021830926,0.00028877194,0,0.0013507548,,,,,,,
WorkFlow,nV-nVmax,0,0,0,0,0,0,0,0,0,0,0,0,,,,,,
WorkFlow,nV-nKm,0,0,0,0,0,0,0,0,0,0,0,0,0,,,,,
WorkFlow,nV-nV,0.0025491504,-0.00080056743,14.806294,1.7186345,-0.022403514,-0.0035137504,0.0031213962,0.046221591,-0.0030776501,0,-0.00015931308,0,0,0.011186898,,,,
WorkFlow,nKa-nVmax,0,0,0,0,0,0,0,0,0,0,0,0,0,0,0,,,
WorkFlow,nKa-nKm,0,0,0,0,0,0,0,0,0,0,0,0,0,0,0,0,,
WorkFlow,nKa-nV,0,0,0,0,0,0,0,0,0,0,0,0,0,0,0,0,0,
WorkFlow,nKa-nKa,-0.0043069688,-0.00016148058,26.835571,5.8410973,-0.077488019,-0.0066469255,-0.00035332811,-0.11269052,-0.0024148453,0,0.00058917568,0,0,0.0032431431,0,0,0,0.034138591
