Scenario,GAMMA,CMultStdev,tvVmax,tvKm,tvV,tvKa,dVdWT,CEps
WorkFlow,1,,,,,,,
WorkFlow,0.0438948298039189,1,,,,,,
WorkFlow,-0.38563302788395,-0.0480257769076428,1,,,,,
WorkFlow,-0.728805284794579,-0.256266550352521,0.635596763076985,1,,,,
WorkFlow,0.194442944419629,0.445720732306543,-0.0918104152440777,-0.318244560839172,1,,,
WorkFlow,0.0957141165695383,0.0807554262840224,-0.616918697852468,-0.372489285701734,0.0430565407976628,1,,
WorkFlow,-0.204092256126551,-0.0907752285406028,-0.0120647445610279,0.247673430427791,-0.192269965888485,-0.0350375139240079,1,
WorkFlow,0.313478942455515,-0.16034025188185,-0.301133843915689,-0.167520160042069,-0.0407543639666722,0.0497306572150437,-0.250874566348113,1
