Scenario,Var Name,GAMMA,CMultStdev,tvVmax,tvKm,tvV,tvKa,dVdWT,stdev0,nVmax-nVmax,nKm-nVmax,nKm-nKm,nV-nVmax,nV-nKm,nV-nV,nKa-nVmax,nKa-nKm,nKa-nV,nKa-nKa
WorkFlow,GAMMA,0.0072659019,,,,,,,,,,,,,,,,,
WorkFlow,CMultStdev,0.00012447191,0.0011066911,,,,,,,,,,,,,,,,
WorkFlow,tvVmax,-12.77534,-0.62092778,151045.21,,,,,,,,,,,,,,,
WorkFlow,tvKm,-6.2925581,-0.86352732,25021.084,10259.871,,,,,,,,,,,,,,
WorkFlow,tvV,0.047867387,0.042823169,-103.05005,-93.096791,8.3407582,,,,,,,,,,,,,
WorkFlow,tvKa,0.0013317243,0.00043850898,-39.13587,-6.1585477,0.020297169,0.026643246,,,,,,,,,,,,
WorkFlow,dVdWT,-0.0067443324,-0.0011707071,-1.8177715,9.725637,-0.2152692,-0.0022171472,0.15029183,,,,,,,,,,,
WorkFlow,stdev0,0.035423122,-0.0070711404,-155.1482,-22.494261,-0.15603089,0.010760971,-0.1289312,1.7573869,,,,,,,,,,
WorkFlow,nVmax-nVmax,-0.0012506304,-0.00013635251,-7.0380946,0.17885971,-0.0060547662,0.0018098709,0.0026461397,0.0015158225,0.0036941278,,,,,,,,,
WorkFlow,nKm-nVmax,0,0,0,0,0,0,0,0,0,0,,,,,,,,
WorkFlow,nKm-nKm,-0.00042210264,-0.0002145288,-3.5975252,0.01984569,-0.010257,0.001155966,0.0037004985,0.0012245677,0.00030403039,0,0.0013311031,,,,,,,
WorkFlow,nV-nVmax,0,0,0,0,0,0,0,0,0,0,0,0,,,,,,
WorkFlow,nV-nKm,0,0,0,0,0,0,0,0,0,0,0,0,0,,,,,
WorkFlow,nV-nV,0.0016933384,-0.00069346365,16.997713,1.9177842,-0.033955782,-0.0034645395,0.003602436,-0.022478161,-0.0032311376,0,-0.00012977002,0,0,0.01159983,,,,
WorkFlow,nKa-nVmax,0,0,0,0,0,0,0,0,0,0,0,0,0,0,0,,,
WorkFlow,nKa-nKm,0,0,0,0,0,0,0,0,0,0,0,0,0,0,0,0,,
WorkFlow,nKa-nV,0,0,0,0,0,0,0,0,0,0,0,0,0,0,0,0,0,
WorkFlow,nKa-nKa,-0.0033983571,-0.00027449943,29.558189,6.3764312,-0.075984113,-0.0066313814,-0.0012151767,-0.037902059,-0.0025816753,0,0.00031743444,0,0,0.0043368,0,0,0,0.037198306
