Scenario,Label,nVmax,nKm,nV,nKa
WorkFlow,Omega
WorkFlow,nVmax,0.312533000430978,0,0,0
WorkFlow,nKm,0,0.37151955134315,0,0
WorkFlow,nV,0,0,0.312647822074497,0
WorkFlow,nKa,0,0,0,0.31343318813978
WorkFlow,Correlation
WorkFlow,nVmax,1,0,0,0
WorkFlow,nKm,0,1,0,0
WorkFlow,nV,0,0,1,0
WorkFlow,nKa,0,0,0,1
WorkFlow,Shrinkage,0.885091115300485,0.428664866542533,0.80857680204426,0.625264937477021
