Scenario,Var Name,CMultStdev,tvVmax,tvKm,tvV,tvKa,K12,K21,K13,K31,stdev0,nVmax-nVmax,nKm-nVmax,nKm-nKm,nV-nVmax,nV-nKm,nV-nV,nKa-nVmax,nKa-nKm,nKa-nV,nKa-nKa
WorkFlow,CMultStdev,0.00093852157,,,,,,,,,,,,,,,,,,,
WorkFlow,tvVmax,0.56341575,63093446,,,,,,,,,,,,,,,,,,
WorkFlow,tvKm,-2.4514112,32551219,17491155,,,,,,,,,,,,,,,,,
WorkFlow,tvV,0.041247029,34383.94,18054.103,156.43897,,,,,,,,,,,,,,,,
WorkFlow,tvKa,0.00024320625,759.53999,444.19183,2.522652,0.12868964,,,,,,,,,,,,,,,
WorkFlow,K12,1.3424282e-05,-127.03501,-65.278698,-0.37525053,-0.011463023,0.0017131074,,,,,,,,,,,,,,
WorkFlow,K21,-4.3770321e-05,-300.35814,-158.94526,-1.1511283,-0.034868623,0.0054566406,0.017977709,,,,,,,,,,,,,
WorkFlow,K13,1.1749466e-05,-49.763623,-27.166263,-0.092360932,-0.0029054423,0.00038667574,0.0011725176,0.00010348793,,,,,,,,,,,,
WorkFlow,K31,-4.5586192e-06,-60.536504,-33.120304,-0.13536178,-0.0037703865,0.00048190243,0.0014130051,0.00013058385,0.00021983249,,,,,,,,,,,
WorkFlow,stdev0,-0.010185365,-5019.1565,-2381.0293,3.6716997,-0.037689576,0.008187913,0.028118661,0.0026475887,0.0032918929,5.0831952,,,,,,,,,,
WorkFlow,nVmax-nVmax,-0.0014258975,-3400.8231,-1737.5011,-3.0174179,-0.064254882,0.011977323,0.03619664,0.0032581865,0.0046649976,0.5027285,0.39433929,,,,,,,,,
WorkFlow,nKm-nVmax,0,0,0,0,0,0,0,0,0,0,0,0,,,,,,,,
WorkFlow,nKm-nKm,-2.5286877e-05,38.935768,33.876778,-0.12692221,-0.0011477062,0.0004485974,0.0014767219,4.1972851e-05,0.00019657457,-0.0023812097,0.0022009346,0,0.0073213557,,,,,,,
WorkFlow,nV-nVmax,0,0,0,0,0,0,0,0,0,0,0,0,0,0,,,,,,
WorkFlow,nV-nKm,0,0,0,0,0,0,0,0,0,0,0,0,0,0,0,,,,,
WorkFlow,nV-nV,0.0027404804,4307.7603,2392.781,4.6239051,0.095335087,-0.016498608,-0.053458465,-0.0048209539,-0.0077361989,-0.73246892,-0.52622518,0,-0.0034033263,0,0,0.85500193,,,,
WorkFlow,nKa-nVmax,0,0,0,0,0,0,0,0,0,0,0,0,0,0,0,0,0,,,
WorkFlow,nKa-nKm,0,0,0,0,0,0,0,0,0,0,0,0,0,0,0,0,0,0,,
WorkFlow,nKa-nV,0,0,0,0,0,0,0,0,0,0,0,0,0,0,0,0,0,0,0,
WorkFlow,nKa-nKa,-0.0010278584,536.38371,272.05825,0.57207038,0.011946689,-0.0033524724,-0.010345262,-0.00082160477,-0.00093435152,-0.027459545,-0.047711192,0,0.001520596,0,0,0.066762779,0,0,0,0.049162843
