Scenario,Var Name,CMultStdev,tvVmax,tvKm,tvV,tvKa,K12,K21,K13,K31,stdev0,nVmax-nVmax,nKm-nVmax,nKm-nKm,nV-nVmax,nV-nKm,nV-nV,nKa-nVmax,nKa-nKm,nKa-nV,nKa-nKa
WorkFlow,CMultStdev,0.0011109035,,,,,,,,,,,,,,,,,,,
WorkFlow,tvVmax,-0.48832307,2288942.1,,,,,,,,,,,,,,,,,,
WorkFlow,tvKm,-0.60760198,3806536.1,6475017,,,,,,,,,,,,,,,,,
WorkFlow,tvV,0.034474363,1473.3365,2377.7245,37.556807,,,,,,,,,,,,,,,,
WorkFlow,tvKa,0.00045897562,25.99904,36.084193,1.016201,0.042569522,,,,,,,,,,,,,,,
WorkFlow,K12,-0.034462357,-1533.3183,-2664.6998,-25.351051,-0.41207007,23.28113,,,,,,,,,,,,,,
WorkFlow,K21,-0.010551554,-533.20516,-973.83484,-3.5397394,0.0044351116,4.9060546,1.6571128,,,,,,,,,,,,,
WorkFlow,K13,-0.0022921528,-104.86701,-169.27256,-3.1090074,-0.091867278,1.9674649,0.26871055,0.26662553,,,,,,,,,,,,
WorkFlow,K31,-8.5561506e-05,16.233224,25.929117,-0.0072317956,-0.00063316273,-0.0029200026,0.0013338209,0.0016824467,0.00031473899,,,,,,,,,,,
WorkFlow,stdev0,0.21588712,53063.16,85779.254,220.94402,0.4707201,-277.4086,-78.505462,-15.42928,0.35066285,8462.0681,,,,,,,,,,
WorkFlow,nVmax-nVmax,-5.879826e-05,-14.708735,-23.776116,-0.061516175,-0.00014897314,0.076823166,0.021689169,0.0043055611,-9.6918603e-05,-2.3365464,0.00064522026,,,,,,,,,
WorkFlow,nKm-nVmax,0,0,0,0,0,0,0,0,0,0,0,0,,,,,,,,
WorkFlow,nKm-nKm,-0.00018874286,7.8268674,15.969546,0.046582332,0.00075379229,-0.045696316,-0.011384438,-0.0031909742,8.9588532e-05,0.70538342,-0.00019973541,0,0.0038135753,,,,,,,
WorkFlow,nV-nVmax,0,0,0,0,0,0,0,0,0,0,0,0,0,0,,,,,,
WorkFlow,nV-nKm,0,0,0,0,0,0,0,0,0,0,0,0,0,0,0,,,,,
WorkFlow,nV-nV,0.00046631873,-216.66132,-381.1715,0.025701772,0.0016403462,0.0022821018,0.014950222,-0.0041545202,-0.001957159,0.19908089,-5.6391086e-05,0,0.00070441319,0,0,0.044757278,,,,
WorkFlow,nKa-nVmax,0,0,0,0,0,0,0,0,0,0,0,0,0,0,0,0,0,,,
WorkFlow,nKa-nKm,0,0,0,0,0,0,0,0,0,0,0,0,0,0,0,0,0,0,,
WorkFlow,nKa-nV,0,0,0,0,0,0,0,0,0,0,0,0,0,0,0,0,0,0,0,
WorkFlow,nKa-nKa,0.00026506133,-4.8021423,-22.450381,0.50921494,0.016864806,-0.22881279,0.0085957391,-0.044082473,-0.00025112765,0.086353046,-3.6904926e-05,0,0.0001419377,0,0,0.0022740105,0,0,0,0.025863193
