Scenario,Label,nVmax,nKm,nV,nKa
WorkFlow,nVmax,0.627964401802236,0,0,0
WorkFlow,nKm,0,0.085564921211479,0,0
WorkFlow,nV,0,0,0.924663145417272,0
WorkFlow,nKa,0,0,0,0.221726955899854
