Scenario,Label,nVmax,nKm,nV,nKa
WorkFlow,Omega
WorkFlow,nVmax,0.321834834206546,0,0,0
WorkFlow,nKm,0,0.227777728748394,0,0
WorkFlow,nV,0,0,0.316800918222324,0
WorkFlow,nKa,0,0,0,0.354059585009149
WorkFlow,Correlation
WorkFlow,nVmax,1,0,0,0
WorkFlow,nKm,0,1,0,0
WorkFlow,nV,0,0,1,0
WorkFlow,nKa,0,0,0,1
WorkFlow,Shrinkage,0.40080101021561,0.30881303147812,0.462609310774421,0.337338589459352
