Scenario,Label,nVmax,nKm,nV,nKa
WorkFlow,nVmax,0.0254011861836533,0,0,0
WorkFlow,nKm,0,0.0617541522185948,0,0
WorkFlow,nV,0,0,0.211559159189464,0
WorkFlow,nKa,0,0,0,0.16082037562472
