Scenario,Label,nVmax,nKm,nV,nKa
WorkFlow,Omega
WorkFlow,nVmax,6.72841709418497e-05,0,0,0
WorkFlow,nKm,0,0.187066707263819,0,0
WorkFlow,nV,0,0,0.412685861180335,0
WorkFlow,nKa,0,0,0,0.325280776859893
WorkFlow,Correlation
WorkFlow,nVmax,1,0,0,0
WorkFlow,nKm,0,1,0,0
WorkFlow,nV,0,0,1,0
WorkFlow,nKa,0,0,0,1
WorkFlow,Shrinkage,0.984222084093507,0.136416670616409,0.17224552064228,0.271054731739738
