Scenario,RetCode,LogLik,-2LL,AIC,BIC,nParm,nObs,nSub,EpsShrinkage,Condition
WorkFlow,3,-3497.676130,6995.352260,7023.352260,7079.915826,14,420,60,0.163070,450050.484470
