Scenario,Label,nVmax,nV
WorkFlow,nVmax,0.0210611590634492,0
WorkFlow,nV,0,0.0422873108737654
