Scenario,RetCode,LogLik,-2LL,AIC,BIC,nParm,nObs,nSub,EpsShrinkage,Condition
WorkFlow,3,-3178.259130,6356.518260,6378.518260,6424.429907,11,480,60,0.114960,27055.797390
