Scenario,Var Name,CMultStdev,tvVmax,tvKm,tvV,tvKa,K12,K21,dVdWT,stdev0,nVmax-nVmax,nV-nVmax,nV-nV
WorkFlow,CMultStdev,0.0010200884,,,,,,,,,,,
WorkFlow,tvVmax,-0.79278303,386576.67,,,,,,,,,,
WorkFlow,tvKm,-1.3797605,140800.03,60334.845,,,,,,,,,
WorkFlow,tvV,-0.0085021099,-1572.3148,-525.04611,142.75744,,,,,,,,
WorkFlow,tvKa,-0.00044356365,-27.983098,-9.7492367,1.4731567,0.019199226,,,,,,,
WorkFlow,K12,0.0065424734,138.53558,50.072884,-16.187595,-0.15841133,2.2185422,,,,,,
WorkFlow,K21,-0.0014492329,-19.146939,7.938487,2.0516655,0.034163338,0.02306354,0.29158749,,,,,
WorkFlow,dVdWT,0.001207289,-64.322356,-32.366759,-0.70111474,-0.0097992181,-0.014272429,-0.10293782,0.14450614,,,,
WorkFlow,stdev0,-0.00011487394,-24.169439,-10.369864,0.15692666,0.000242237,-0.052201451,-0.028856293,0.0029115335,0.0095696254,,,
WorkFlow,nVmax-nVmax,-5.3670337e-07,5.0175913,1.5071386,0.034729349,0.00029238202,-0.0048449709,-0.00052760079,-0.0027986178,-0.0003594684,0.00044357242,,
WorkFlow,nV-nVmax,0,0,0,0,0,0,0,0,0,0,0,
WorkFlow,nV-nV,-9.2855002e-07,4.9470363,1.8642108,0.0051692633,-0.0007779729,-0.012032244,-0.010659866,0.00094229332,0.00042009799,5.6246829e-05,0,0.0017882167
