Scenario,CMultStdev,tvVmax,tvKm,tvV,tvKa,K12,K21,dVdWT,CEps
WorkFlow,1,,,,,,,,
WorkFlow,-0.0399224893487624,1,,,,,,,
WorkFlow,-0.175873612329859,0.921936120765829,1,,,,,,
WorkFlow,-0.022279652910683,-0.211651969760535,-0.17890149271988,1,,,,,
WorkFlow,-0.100229410160134,-0.324815033192649,-0.286447249609372,0.889831355468313,1,,,,
WorkFlow,0.137527390903105,0.149592447410096,0.136862558259454,-0.909597147828257,-0.767556807366015,1,,,
WorkFlow,-0.0840300921710631,-0.0570291751795666,0.059850694587067,0.317996791419004,0.456597991456859,0.028675280144441,1,,
WorkFlow,0.0994372699020226,-0.272145379569896,-0.346634641236015,-0.154364189429554,-0.186040034208668,-0.0252069839059495,-0.501472785331777,1,
WorkFlow,-0.0367667398803109,-0.39737567679115,-0.431560286201397,0.134260996816335,0.0178710946816578,-0.358262417039761,-0.546271616260933,0.0782944849024751,1
