Scenario,Label,nVmax,nKm,nV,nKa
WorkFlow,nVmax,2.38226737797186,0,0,0
WorkFlow,nKm,0,0.21740891090487,0,0
WorkFlow,nV,0,0,3.04030442166882,0
WorkFlow,nKa,0,0,0,1.0168476400644
