Scenario,Var Name,CMultStdev,tvVmax,tvKm,tvV,tvKa,K12,K21,K13,K31,dVdWT,stdev0,nVmax-nVmax,nKm-nVmax,nKm-nKm,nV-nVmax,nV-nKm,nV-nV,nKa-nVmax,nKa-nKm,nKa-nV,nKa-nKa
WorkFlow,CMultStdev,0.055400422,,,,,,,,,,,,,,,,,,,,
WorkFlow,tvVmax,-865.411,245886650,,,,,,,,,,,,,,,,,,,
WorkFlow,tvKm,-1204.4632,237151500,241302000,,,,,,,,,,,,,,,,,,
WorkFlow,tvV,-2.3776133,-116200.54,-69610.105,7774.1594,,,,,,,,,,,,,,,,,
WorkFlow,tvKa,-0.14902361,-763.94481,625.51055,212.09804,6.1380366,,,,,,,,,,,,,,,,
WorkFlow,K12,-0.0098547107,123.98578,194.88561,-0.74714529,-0.0075100169,0.0024347655,,,,,,,,,,,,,,,
WorkFlow,K21,-0.49692895,-13193.618,-5358.3702,778.70829,21.061837,-0.018169751,84.626858,,,,,,,,,,,,,,
WorkFlow,K13,0.1194675,3567.997,1571.2523,-204.30284,-5.5091351,0.0072805184,-22.158223,5.8045416,,,,,,,,,,,,,
WorkFlow,K31,-0.02895874,3524.8876,2781.2024,12.618968,0.70760908,-0.0023323593,-0.94867674,0.25601451,1.1516033,,,,,,,,,,,,
WorkFlow,dVdWT,-0.080510266,3731.5554,2997.949,2.1924506,0.15816129,0.0085699716,0.98266277,-0.24695927,-0.061460059,0.81412411,,,,,,,,,,,
WorkFlow,stdev0,0.28959503,-39000.978,-38780.172,-121.0185,-3.986789,-0.031552607,-11.140711,2.8737823,-1.4089225,-0.79868952,12.775478,,,,,,,,,,
WorkFlow,nVmax-nVmax,0.036076142,-18338.866,-15160.972,63.984111,1.5287094,-0.00010458179,6.7263321,-1.7583352,-0.20355196,-0.10844022,1.0232711,5.6751979,,,,,,,,,
WorkFlow,nKm-nVmax,0,0,0,0,0,0,0,0,0,0,0,0,0,,,,,,,,
WorkFlow,nKm-nKm,-0.019859552,684.42462,588.57411,-1.0387774,0.012025198,0.0024440988,0.030140046,-0.0049441045,0.02005019,0.16369748,-0.12616679,-0.043269428,0,0.047266635,,,,,,,
WorkFlow,nV-nVmax,0,0,0,0,0,0,0,0,0,0,0,0,0,0,0,,,,,,
WorkFlow,nV-nKm,0,0,0,0,0,0,0,0,0,0,0,0,0,0,0,0,,,,,
WorkFlow,nV-nV,-0.08347669,26384.139,24832.805,-78.741442,-1.8829114,0.0083359304,-7.9502367,2.0809599,0.17991775,-0.052773565,-1.9232547,-6.9421816,0,0.031659936,0,0,9.243451,,,,
WorkFlow,nKa-nVmax,0,0,0,0,0,0,0,0,0,0,0,0,0,0,0,0,0,0,,,
WorkFlow,nKa-nKm,0,0,0,0,0,0,0,0,0,0,0,0,0,0,0,0,0,0,0,,
WorkFlow,nKa-nV,0,0,0,0,0,0,0,0,0,0,0,0,0,0,0,0,0,0,0,0,
WorkFlow,nKa-nKa,-0.058808502,-776.99388,-641.83393,68.009829,1.8902326,0.0017800386,7.1462155,-1.8648448,0.12289227,0.17621094,-1.1343904,0.51555579,0,0.03672017,0,0,-0.74269934,0,0,0,1.0339791
