Scenario,Var Name,CMultStdev,tvVmax,tvKm,tvV,tvKa,dVdWT,stdev0,nVmax-nVmax,nKm-nVmax,nKm-nKm,nV-nVmax,nV-nKm,nV-nV
WorkFlow,CMultStdev,0.00065123162,,,,,,,,,,,,
WorkFlow,tvVmax,-0.56841521,278170.32,,,,,,,,,,,
WorkFlow,tvKm,-0.42114527,113548.56,55000.681,,,,,,,,,,
WorkFlow,tvV,-0.019338129,-592.81629,-320.22363,8.9348586,,,,,,,,,
WorkFlow,tvKa,2.4482573e-05,-11.811815,-8.2404798,0.12012054,0.010136197,,,,,,,,
WorkFlow,dVdWT,0.0012977899,-23.577007,-6.9598454,-0.1164087,-0.00098905662,0.1835103,,,,,,,
WorkFlow,stdev0,0.00010175454,17.231805,7.5310509,-0.034086168,-0.0010582359,-0.0066766809,0.0056344419,,,,,,
WorkFlow,nVmax-nVmax,1.5645356e-05,0.057334508,0.47057625,0.0035309435,-7.5362386e-05,-0.0005987836,0.00013928689,0.00045634876,,,,,
WorkFlow,nKm-nVmax,0,0,0,0,0,0,0,0,0,,,,
WorkFlow,nKm-nKm,3.8613355e-05,0.60640389,0.59946914,-0.00071708829,-8.6096902e-05,-0.0033519578,-0.00049704449,5.3547011e-05,0,0.0016858737,,,
WorkFlow,nV-nVmax,0,0,0,0,0,0,0,0,0,0,0,,
WorkFlow,nV-nKm,0,0,0,0,0,0,0,0,0,0,0,0,
WorkFlow,nV-nV,-0.00046051992,-11.001943,-3.2251465,0.032612867,6.5270468e-05,0.01058231,-0.0021673241,0.0001853983,0,0.00037503093,0,0,0.0067623735
