Scenario,Label,nVmax,nKm,nV
WorkFlow,nVmax,0.0213623209537634,0,0
WorkFlow,nKm,0,0.0410593927784745,0
WorkFlow,nV,0,0,0.0822336518615374
