Scenario,Var Name,GAMMA,CMultStdev,tvVmax,tvKm,tvV,tvKa,stdev0,nVmax-nVmax
WorkFlow,GAMMA,0.017599349,,,,,,,
WorkFlow,CMultStdev,0.00094506787,0.0004816654,,,,,,
WorkFlow,tvVmax,-61.687563,-3.1502656,288742.31,,,,,
WorkFlow,tvKm,-19.523764,-0.83919519,82350.754,25570.215,,,,
WorkFlow,tvV,0.11027893,-0.010818222,-787.9266,-250.83457,7.4411993,,,
WorkFlow,tvKa,0.0055498571,-0.00071939768,-38.366002,-12.362535,0.41023217,0.034901317,,
WorkFlow,stdev0,0.023240914,0.0020654751,-77.101506,-23.188942,0.1544514,0.010103692,0.062876807,
WorkFlow,nVmax-nVmax,0.00015575308,7.7044692e-05,-1.4019353,0.041443606,-0.0085786359,-0.00032496937,0.00014873729,0.00069673572
