Scenario,Var Name,GAMMA,CMultStdev,tvVmax,tvKm,tvV,tvKa,K12,K21,K13,K31,stdev0,nVmax-nVmax,nKm-nVmax,nKm-nKm,nV-nVmax,nV-nKm,nV-nV
WorkFlow,GAMMA,0.0205138,,,,,,,,,,,,,,,,
WorkFlow,CMultStdev,-0.00088906037,0.00051849351,,,,,,,,,,,,,,,
WorkFlow,tvVmax,59.932147,-3.9329245,265398.59,,,,,,,,,,,,,,
WorkFlow,tvKm,-30.113941,2.8075368,-144245.74,103705.93,,,,,,,,,,,,,
WorkFlow,tvV,-0.21587046,-0.015558687,-627.84048,329.4241,15.679791,,,,,,,,,,,,
WorkFlow,tvKa,-0.010057074,0.00047991733,-35.978024,22.364976,0.1722477,0.016586343,,,,,,,,,,,
WorkFlow,K12,0.00091490223,-2.4184743e-05,2.1407907,-0.21116113,-0.014959954,-0.00025495075,0.00010737693,,,,,,,,,,
WorkFlow,K21,-0.00032276409,1.0068738e-05,0.94779048,0.22654214,0.012533463,-9.9653179e-05,-7.5521472e-05,0.00049711981,,,,,,,,,
WorkFlow,K13,0.00027121012,-3.1371474e-05,1.3885602,-0.66028982,-0.0034582502,-0.00011508479,2.7312901e-05,-3.0802443e-05,1.7938837e-05,,,,,,,,
WorkFlow,K31,-9.6128659e-05,9.3132951e-06,-0.25743292,0.173164,0.0016307432,3.0752143e-05,-2.8995171e-06,-1.7126423e-06,-1.959037e-06,2.6290323e-06,,,,,,,
WorkFlow,stdev0,3.9225869,0.35727214,40800.052,4629.3094,-133.09137,1.8999625,1.0802285,1.804084,0.42249908,0.032784489,53558.213,,,,,,
WorkFlow,nVmax-nVmax,0.0037177188,-7.4635447e-05,10.120934,-1.1143386,-0.030901464,-0.0013963438,0.00028939725,5.3633141e-05,7.2169643e-05,-1.8580469e-05,4.9823877,0.0016691581,,,,,
WorkFlow,nKm-nVmax,0,0,0,0,0,0,0,0,0,0,0,0,0,,,,
WorkFlow,nKm-nKm,-0.001577766,0.00010144354,-1.1008033,0.20571151,0.0053095197,0.00051238083,-9.4932368e-05,0.0002081273,1.5785297e-06,1.1171686e-06,2.1523163,-0.0002425128,0,0.0010359349,,,
WorkFlow,nV-nVmax,0,0,0,0,0,0,0,0,0,0,0,0,0,0,0,,
WorkFlow,nV-nKm,0,0,0,0,0,0,0,0,0,0,0,0,0,0,0,0,
WorkFlow,nV-nV,-0.0011367842,0.00011150747,-2.9682727,4.7983465,0.014547977,0.00092402106,4.1995623e-05,0.00014046823,1.2140928e-05,1.8984088e-06,3.655396,0.00068287354,0,0.000201434,0,0,0.00090921343
