Scenario,Label,nVmax,nKm,nV
WorkFlow,nVmax,0.516221618823315,0,0
WorkFlow,nKm,0,1.75914126882401,0
WorkFlow,nV,0,0,0.0997697607875268
