Scenario,Label,nVmax,nKm,nV
WorkFlow,nVmax,0.170690078295662,0.0798014097718255,0.242088629765739
WorkFlow,nKm,0.0798014097718255,0.0533518879002369,0.124183926907035
WorkFlow,nV,0.242088629765739,0.124183926907035,0.364648470799554
