Scenario,Label,nVmax,nKm,nV
WorkFlow,Omega
WorkFlow,nVmax,0.346509994298513,0.0120439612223281,0.461167329863864
WorkFlow,nKm,0.0120439612223281,0.196350482279214,-0.0780287137649514
WorkFlow,nV,0.461167329863864,-0.0780287137649514,0.801069310409852
WorkFlow,Correlation
WorkFlow,nVmax,1,0.0461737853515804,0.875317484647235
WorkFlow,nKm,0.0461737853515804,1,-0.196744868947997
WorkFlow,nV,0.875317484647235,-0.196744868947997,1
WorkFlow,Shrinkage,0.300323621768966,0.132364390109245,0.286572846396031
