Scenario,Var Name,CMultStdev,tvVmax,tvKm,tvV,tvKa,dVdWT,stdev0,nVmax-nVmax,nKm-nVmax,nKm-nKm,nV-nVmax,nV-nKm,nV-nV
WorkFlow,CMultStdev,0.0014364276,,,,,,,,,,,,
WorkFlow,tvVmax,2.3537002,793019.96,,,,,,,,,,,
WorkFlow,tvKm,-1.262473,313947.45,138060.27,,,,,,,,,,
WorkFlow,tvV,0.092820476,-718.35869,-615.99801,16.982787,,,,,,,,,
WorkFlow,tvKa,-0.00037311195,-77.187723,-32.156346,0.1255039,0.018640721,,,,,,,,
WorkFlow,dVdWT,0.00047814587,7.4575742,5.3373678,-0.078677822,-0.0033093156,0.12272963,,,,,,,
WorkFlow,stdev0,-8.7448296e-05,-8.3723946,-2.9502081,-0.0018735445,0.00095073432,-0.0020009696,0.0024382041,,,,,,
WorkFlow,nVmax-nVmax,0.00093138248,75.652806,25.848412,0.011773227,-0.0072653525,-0.0010983988,-8.6798281e-05,0.029135103,,,,,
WorkFlow,nKm-nVmax,-0.00057759263,17.566788,8.0531365,-0.050008523,5.0380895e-05,-0.0040720136,0.00085686927,-0.00026336522,0.006368265,,,,
WorkFlow,nKm-nKm,-0.00035777285,-1.3941284,-0.36826521,0.00099979939,-0.00086212832,0.0012986925,0.00027008327,0.0011936416,-0.0013656185,0.0028464239,,,
WorkFlow,nV-nVmax,0.001684819,91.667063,30.151091,0.069335666,-0.010287386,-0.00095974811,-0.0002435164,0.039848571,-0.0039205825,0.0023528798,0.058606905,,
WorkFlow,nV-nKm,-0.0002566303,26.173097,11.645516,-0.042435046,0.00011234342,-0.0034876985,0.0010710355,-0.00084730014,0.0091170331,-0.0038551245,-0.0062744747,0.015421648,
WorkFlow,nV-nV,0.0025738105,103.5245,31.18518,0.17091155,-0.013230939,-0.0018117985,-0.00050151482,0.054100567,-0.010347845,0.005392266,0.085140142,-0.017567088,0.13296851
