Scenario,Label,nVmax,nKm,nV
WorkFlow,Omega
WorkFlow,nVmax,0.624761246727879,0.00563330266997809,0.902387475966487
WorkFlow,nKm,0.00563330266997809,0.195811940000755,-0.0670024513210031
WorkFlow,nV,0.902387475966487,-0.0670024513210031,1.43953052307246
WorkFlow,Correlation
WorkFlow,nVmax,1,0.0161059541862226,0.951536777771877
WorkFlow,nKm,0.0161059541862226,1,-0.126200381525465
WorkFlow,nV,0.951536777771877,-0.126200381525465,1
WorkFlow,Shrinkage,0.251360716754942,0.138714953000587,0.186282676762632
