Scenario,Label,nVmax,nKm,nV
WorkFlow,nVmax,0.414415185945852,0.123021233713243,0.557591400152593
WorkFlow,nKm,0.123021233713243,0.0500837030266956,0.177672289782239
WorkFlow,nV,0.557591400152593,0.177672289782239,0.751854203247868
