Scenario,Label,nVmax,nKm,nV
WorkFlow,Omega
WorkFlow,nVmax,0.305128107527879,0.090740510588603,0.101246539250067
WorkFlow,nKm,0.090740510588603,0.278875148354963,0.102396440254852
WorkFlow,nV,0.101246539250067,0.102396440254852,0.327306397242721
WorkFlow,Correlation
WorkFlow,nVmax,1,0.311067904635916,0.320377370621517
WorkFlow,nKm,0.311067904635916,1,0.338924297784778
WorkFlow,nV,0.320377370621517,0.338924297784778,1
WorkFlow,Shrinkage,0.548999732394906,0.254066531012836,0.458054099873421
