Scenario,Label,nVmax,nKm,nV
WorkFlow,nVmax,0.132442509793043,0.0457262556315271,0.0646648712172604
WorkFlow,nKm,0.0457262556315271,0.203234113817596,0.017772337917437
WorkFlow,nV,0.0646648712172604,0.017772337917437,0.0947527192784593
