Scenario,Var Name,GAMMA,CMultStdev,tvVmax,tvKm,tvV,tvKa,K12,K21,dVdWT,stdev0,nVmax-nVmax,nKm-nVmax,nKm-nKm,nV-nVmax,nV-nKm,nV-nV
WorkFlow,GAMMA,0.12005421,,,,,,,,,,,,,,,
WorkFlow,CMultStdev,1.5443443e-05,0.0013649345,,,,,,,,,,,,,,
WorkFlow,tvVmax,-24.173376,1.3537337,33409.067,,,,,,,,,,,,,
WorkFlow,tvKm,-15.877122,-0.22709855,4703.3594,3206.9768,,,,,,,,,,,,
WorkFlow,tvV,-0.72109429,0.11826783,-88.838008,39.869626,772.8882,,,,,,,,,,,
WorkFlow,tvKa,-0.02362646,-0.0019714868,-17.355972,2.0659883,10.697102,0.19943867,,,,,,,,,,
WorkFlow,K12,0.031103014,0.0019481571,0.66468102,-4.5190622,-21.073477,-0.30899859,0.62530583,,,,,,,,,
WorkFlow,K21,-53.939103,-3.6718803,-2032.3931,8099.6757,38116.796,561.45008,-1128.8078,2041105.3,,,,,,,,
WorkFlow,dVdWT,-0.0215897,-0.0020215976,6.1970978,2.5029154,-1.1492469,-0.013247956,0.022225638,-40.620117,0.15891921,,,,,,,
WorkFlow,stdev0,0.20714475,0.034825746,61.866154,-43.0533,-36.187669,-1.1921476,1.0105941,-2163.2814,0.29575138,57.08857,,,,,,
WorkFlow,nVmax-nVmax,-0.0059592045,0.00047707038,-1.062473,0.43282599,-0.032528341,0.0016006793,0.0041280157,-7.0561926,-0.00022656462,-0.058393136,0.0036436804,,,,,
WorkFlow,nKm-nVmax,0,0,0,0,0,0,0,0,0,0,0,0,,,,
WorkFlow,nKm-nKm,0.00086512253,-0.00012724029,-1.2860373,-0.080461333,0.19092405,0.0026607722,-0.0056470135,10.545511,0.0034847845,-0.040372654,-0.00023750054,0,0.0027245978,,,
WorkFlow,nV-nVmax,0,0,0,0,0,0,0,0,0,0,0,0,0,0,,
WorkFlow,nV-nKm,0,0,0,0,0,0,0,0,0,0,0,0,0,0,0,
WorkFlow,nV-nV,0.013468076,-9.1650136e-05,-0.11952945,-1.8058673,-0.32098788,-0.006648021,0.010784501,-19.336437,-0.0029240402,0.017867434,-0.0016581095,0,-0.00027812411,0,0,0.0055631376
