Scenario,Var Name,CMultStdev,tvVmax,tvKm,tvV,tvKa,K12,K21,dVdWT,stdev0,nVmax-nVmax,nKm-nVmax,nKm-nKm,nV-nVmax,nV-nKm,nV-nV
WorkFlow,CMultStdev,0.0016371699,,,,,,,,,,,,,,
WorkFlow,tvVmax,0.81349284,228027.33,,,,,,,,,,,,,
WorkFlow,tvKm,-0.93933624,68846.491,29868.984,,,,,,,,,,,,
WorkFlow,tvV,-0.044486836,735.19831,-418.38588,2192.3126,,,,,,,,,,,
WorkFlow,tvKa,-0.001253867,-32.030956,-14.237608,10.950666,0.079021081,,,,,,,,,,
WorkFlow,K12,0.035834992,-162.25866,52.673838,-334.69194,-1.6363436,56.231134,,,,,,,,,
WorkFlow,K21,-0.036450929,414.5076,85.637784,498.30161,2.5782758,-65.996081,143.91588,,,,,,,,
WorkFlow,dVdWT,-0.0036953751,32.338909,12.142868,-2.6478352,-0.020201853,0.033554192,-1.1774018,0.16471934,,,,,,,
WorkFlow,stdev0,-0.0002366076,-7.1357494,-2.8346248,-0.30650177,-0.0027120621,-0.09008169,-0.40164353,0.00061168686,0.01148762,,,,,,
WorkFlow,nVmax-nVmax,-0.00051715333,-1.6309949,0.073379277,-0.42847102,0.00015654463,0.11205265,0.091212384,0.0020575275,-0.0016923477,0.0067149002,,,,,
WorkFlow,nKm-nVmax,0,0,0,0,0,0,0,0,0,0,0,,,,
WorkFlow,nKm-nKm,-0.00038431668,3.2686455,1.6177821,0.059393482,-0.00060786924,-0.048772553,-0.060409227,0.0062242758,0.0013734749,0.0007699345,0,0.0030601526,,,
WorkFlow,nV-nVmax,0,0,0,0,0,0,0,0,0,0,0,0,0,,
WorkFlow,nV-nKm,0,0,0,0,0,0,0,0,0,0,0,0,0,0,
WorkFlow,nV-nV,0.0011770725,6.5964138,-1.2296057,-0.29347094,-0.0052484105,-0.062715326,-0.47766936,-0.003424413,0.0037835488,-0.01175889,0,-0.0018810384,0,0,0.02515642
