Scenario,Label,nVmax,nKm,nV
WorkFlow,nVmax,0.0819444945528868,0,0
WorkFlow,nKm,0,0.0553186455964898,0
WorkFlow,nV,0,0,0.158607754442072
