Scenario,CMultStdev,tvVmax,tvKm,tvV,tvKa,K12,K21,dVdWT,CEps
WorkFlow,1,,,,,,,,
WorkFlow,0.0421030346382884,1,,,,,,,
WorkFlow,-0.134327200986146,0.834215257203757,1,,,,,,
WorkFlow,-0.02348190925994,0.0328821200511666,-0.0517029770677731,1,,,,,
WorkFlow,-0.110238453385391,-0.238618966745426,-0.293059170136101,0.831989459409562,1,,,,
WorkFlow,0.118106013326814,-0.0453133341129026,0.0406439881021644,-0.95324733534117,-0.776273227663911,1,,,
WorkFlow,-0.0750943660841619,0.0723576885606097,0.0413048291781758,0.887128837886747,0.764545839899242,-0.733627100818363,1,,
WorkFlow,-0.225029445139069,0.166862834111315,0.173116620080079,-0.139337310427037,-0.177070994906982,0.0110251895947267,-0.241823250139753,1,
WorkFlow,-0.0545590485227111,-0.139421936112774,-0.153027799072725,-0.0610754574958032,-0.0900146361921363,-0.112081279571034,-0.312371491345012,0.0140618296050297,1
