Scenario,Var Name,GAMMA,CMultStdev,tvVmax,tvKm,tvV,tvKa,stdev0,nVmax-nVmax,nKm-nVmax,nKm-nKm,nV-nVmax,nV-nKm,nV-nV
WorkFlow,GAMMA,0.017114857,,,,,,,,,,,,
WorkFlow,CMultStdev,0.00053273231,0.001170043,,,,,,,,,,,
WorkFlow,tvVmax,-12.914463,0.90767046,61600.913,,,,,,,,,,
WorkFlow,tvKm,-9.5306097,-0.63657168,8842.8235,7420.4019,,,,,,,,,
WorkFlow,tvV,0.045685293,0.095769065,-73.520341,-86.274576,20.113467,,,,,,,,
WorkFlow,tvKa,-0.0017317263,-0.00038032701,-6.9408819,-0.71516724,0.12812808,0.021487905,,,,,,,
WorkFlow,stdev0,0.23982308,-0.013077446,299.80476,-161.65442,-2.525668,0.33271444,46.73448,,,,,,
WorkFlow,nVmax-nVmax,-0.0021257614,0.00016959353,3.6733789,0.91686609,0.031677248,0.0016496759,0.0052151367,0.0029380145,,,,,
WorkFlow,nKm-nVmax,0,0,0,0,0,0,0,0,0,,,,
WorkFlow,nKm-nKm,0.00039284957,8.8840878e-05,-0.11878483,-0.24284215,0.010480921,0.00035517182,0.087125648,-0.0001002012,0,0.0026592613,,,
WorkFlow,nV-nVmax,0,0,0,0,0,0,0,0,0,0,0,,
WorkFlow,nV-nKm,0,0,0,0,0,0,0,0,0,0,0,0,
WorkFlow,nV-nV,0.0042310223,0.00017663596,1.0710935,-2.2052653,0.0096247976,-0.0015962473,0.089929261,-0.0014151821,0,-4.0762482e-05,0,0,0.0043320662
