Scenario,Label,nVmax,nKm,nV
WorkFlow,nVmax,0.0542034543333662,0,0
WorkFlow,nKm,0,0.0515680261458725,0
WorkFlow,nV,0,0,0.0658184336821569
