Scenario,RetCode,LogLik,-2LL,AIC,BIC,nParm,nObs,nSub,EpsShrinkage,Condition
WorkFlow,1,-3490.182580,6980.365160,7000.365160,7042.103021,10,480,60,0.140080,10028.018020
