Scenario,Label,nVmax,nV
WorkFlow,nVmax,0.0215831659718315,0
WorkFlow,nV,0,0.0367912193229839
