Scenario,GAMMA,CMultStdev,tvVmax,tvKm,tvV,tvKa,dVdWT,CEps
WorkFlow,1,,,,,,,
WorkFlow,0.188990392380711,1,,,,,,
WorkFlow,-0.675985053010768,-0.217886930743307,1,,,,,
WorkFlow,-0.812951872334632,-0.263984891125395,0.947047752878907,1,,,,
WorkFlow,0.0869336592546768,-0.0482596482928035,-0.422894991927054,-0.407839109407559,1,,,
WorkFlow,0.0967714683159412,0.0179250836944045,-0.44416968580468,-0.43181841360127,0.608083065765559,1,,
WorkFlow,0.0374399683413893,0.0222970343806028,0.0951127974425782,0.101618211254771,-0.372755708625875,-0.252218145905959,1,
WorkFlow,0.0751727089129078,-0.207813463665034,0.120034253999199,0.0643756406994122,-0.0687626720514789,0.135722630270496,0.076644854965398,1
