Scenario,Var Name,GAMMA,CMultStdev,tvVmax,tvKm,tvV,tvKa,dVdWT,stdev0,nVmax-nVmax,nV-nVmax,nV-nV
WorkFlow,GAMMA,0.010695578,,,,,,,,,,
WorkFlow,CMultStdev,0.00036346728,0.00034581746,,,,,,,,,
WorkFlow,tvVmax,-41.723091,-2.4181982,356184.07,,,,,,,,
WorkFlow,tvKm,-15.169099,-0.88571775,101976.93,32552.596,,,,,,,
WorkFlow,tvV,0.030338885,-0.0030284271,-851.6856,-248.30828,11.387255,,,,,,
WorkFlow,tvKa,0.0012245347,4.0785544e-05,-32.434542,-9.5326926,0.25106955,0.014970738,,,,,
WorkFlow,dVdWT,0.0010280018,0.00011008466,15.070666,4.8676643,-0.33395663,-0.0081932121,0.070487566,,,,
WorkFlow,stdev0,1.2426142,-0.61769079,11450.288,1856.4718,-37.088242,2.6542869,3.2524696,25547.474,,,
WorkFlow,nVmax-nVmax,0.00075683698,-4.5146211e-05,-3.1918427,-1.0093827,-0.0075300768,-0.00046856669,0.0017721542,-0.24828147,0.00046583305,,
WorkFlow,nV-nVmax,0,0,0,0,0,0,0,0,0,0,
WorkFlow,nV-nV,-0.00019561191,-3.5166049e-05,3.7620304,0.99585593,0.0041161172,-0.0005220672,-0.00077043197,0.29805642,-4.6121853e-05,0,0.0013535938
