Scenario,Label,nVmax,nKm,nV,nKa
WorkFlow,Omega
WorkFlow,nVmax,0.335022573039199,0,0,0
WorkFlow,nKm,0,0.274272328481726,0,0
WorkFlow,nV,0,0,0.36077155925493,0
WorkFlow,nKa,0,0,0,0.352445514833841
WorkFlow,Correlation
WorkFlow,nVmax,1,0,0,0
WorkFlow,nKm,0,1,0,0
WorkFlow,nV,0,0,1,0
WorkFlow,nKa,0,0,0,1
WorkFlow,Shrinkage,0.489677186994691,0.374377151916373,0.400013120576118,0.349306055933905
