Scenario,Var Name,CMultStdev,tvVmax,tvKm,tvV,tvKa,dVdWT,stdev0,nVmax-nVmax,nKm-nVmax,nKm-nKm,nV-nVmax,nV-nKm,nV-nV,nKa-nVmax,nKa-nKm,nKa-nV,nKa-nKa
WorkFlow,CMultStdev,0.00043190768,,,,,,,,,,,,,,,,
WorkFlow,tvVmax,0.6108463,308453.72,,,,,,,,,,,,,,,
WorkFlow,tvKm,0.51139801,119248.29,56787.079,,,,,,,,,,,,,,
WorkFlow,tvV,-0.0096201242,-995.94389,-478.3742,10.027114,,,,,,,,,,,,,
WorkFlow,tvKa,-0.00074119045,-13.739108,-10.849864,0.22576256,0.013996635,,,,,,,,,,,,
WorkFlow,dVdWT,-9.5751977e-06,19.526976,-4.8650423,-0.50304161,0.0067139804,0.48980605,,,,,,,,,,,
WorkFlow,stdev0,-5.9402752e-05,5.8953951,2.3358539,0.0019434045,-0.00080374502,0.004301973,0.012382839,,,,,,,,,,
WorkFlow,nVmax-nVmax,4.4484299e-05,-4.6173418,-3.0178022,0.022622638,0.00061805871,0.00067849537,0.00035879175,0.001313403,,,,,,,,,
WorkFlow,nKm-nVmax,0,0,0,0,0,0,0,0,0,,,,,,,,
WorkFlow,nKm-nKm,-1.2547308e-05,4.6697278,1.7826599,0.011434564,2.70336e-05,-0.0041965478,9.6874347e-05,-7.693521e-05,0,0.0009335774,,,,,,,
WorkFlow,nV-nVmax,0,0,0,0,0,0,0,0,0,0,0,,,,,,
WorkFlow,nV-nKm,0,0,0,0,0,0,0,0,0,0,0,0,,,,,
WorkFlow,nV-nV,-0.00030455821,11.014527,3.4809948,0.010684407,0.0015435733,-0.017757332,-0.0016012577,-0.00026044888,0,-0.0001242466,0,0,0.0062325519,,,,
WorkFlow,nKa-nVmax,0,0,0,0,0,0,0,0,0,0,0,0,0,0,,,
WorkFlow,nKa-nKm,0,0,0,0,0,0,0,0,0,0,0,0,0,0,0,,
WorkFlow,nKa-nV,0,0,0,0,0,0,0,0,0,0,0,0,0,0,0,0,
WorkFlow,nKa-nKa,-0.0002615016,-13.909079,-5.0413602,0.042656912,0.00051484729,0.016404799,-0.0013528397,-0.00021979017,0,0.0007187154,0,0,-0.0018210281,0,0,0,0.016819851
