Scenario,Label,nVmax,nKm,nV,nKa
WorkFlow,nVmax,0.0362409023950346,0,0,0
WorkFlow,nKm,0,0.0305544988488365,0,0
WorkFlow,nV,0,0,0.0789465129434024,0
WorkFlow,nKa,0,0,0,0.129691367678886
