Scenario,Label,nVmax,nKm,nV,nKa
WorkFlow,Omega
WorkFlow,nVmax,0.143104061474994,0,0,0
WorkFlow,nKm,0,0.123328605967057,0,0
WorkFlow,nV,0,0,0.128379114861127,0
WorkFlow,nKa,0,0,0,0.361090130827101
WorkFlow,Correlation
WorkFlow,nVmax,1,0,0,0
WorkFlow,nKm,0,1,0,0
WorkFlow,nV,0,0,1,0
WorkFlow,nKa,0,0,0,1
WorkFlow,Shrinkage,0.151942238694873,0.167168419961694,0.465030801565019,0.319367603198032
