Scenario,Var Name,GAMMA,CMultStdev,tvVmax,tvKm,tvV,tvKa,K12,K21,dVdWT,stdev0,nVmax-nVmax,nV-nVmax,nV-nV
WorkFlow,GAMMA,0.019296812,,,,,,,,,,,,
WorkFlow,CMultStdev,-0.0011212912,0.00085070326,,,,,,,,,,,
WorkFlow,tvVmax,-58.660993,5.4269973,363078.08,,,,,,,,,,
WorkFlow,tvKm,-19.345313,0.95503427,92917.16,27357.813,,,,,,,,,
WorkFlow,tvV,0.17070447,0.055591576,-1356.0857,-335.60547,803.18203,,,,,,,,
WorkFlow,tvKa,0.0029514884,-0.00063790737,-27.895637,-5.5405037,13.569777,0.25432197,,,,,,,
WorkFlow,K12,-0.0039954824,-0.00015900339,26.957048,6.5768675,-10.498262,-0.16689279,0.17346258,,,,,,
WorkFlow,K21,0.13672502,-0.057817444,-108.22245,54.172066,464.56839,9.2987483,-4.1048412,446.33391,,,,,
WorkFlow,dVdWT,-0.0020297637,-5.187024e-05,6.1303834,0.049438598,0.20663182,-0.0025167126,-0.017771261,-1.3247257,0.19441333,,,,
WorkFlow,stdev0,0.058777697,0.011869838,-811.92705,-158.52009,97.389401,0.8747317,-3.3718815,-78.082136,0.70122188,239.30152,,,
WorkFlow,nVmax-nVmax,-0.00058003714,0.00022857544,6.6701969,1.4111595,0.026567873,0.00084490645,0.00043418819,0.052366498,-0.0035956812,-0.039251112,0.0010545443,,
WorkFlow,nV-nVmax,0,0,0,0,0,0,0,0,0,0,0,0,
WorkFlow,nV-nV,0.00033420036,1.6364746e-05,2.2656092,0.28187432,-0.24959954,-0.0036722781,0.0030201201,-0.14326568,0.0029241351,0.034925497,0.00010119231,0,0.0022952184
