Scenario,RetCode,LogLik,-2LL,AIC,BIC,nParm,nObs,nSub,EpsShrinkage,Condition
WorkFlow,3,-3552.954510,7105.909020,7129.909020,7178.392077,12,420,60,0.109170,368112.153840
