Scenario,Label,nVmax,nV
WorkFlow,nVmax,0.0218551918083978,0.0249990828374055
WorkFlow,nV,0.0249990828374055,0.0328853563212674
