Scenario,Var Name,CMultStdev,tvVmax,tvKm,tvV,tvKa,dVdWT,stdev0,nVmax-nVmax,nV-nVmax,nV-nV
WorkFlow,CMultStdev,0.00055808869,,,,,,,,,
WorkFlow,tvVmax,1.0307192,683062.14,,,,,,,,
WorkFlow,tvKm,0.19802544,274550.31,119155.59,,,,,,,
WorkFlow,tvV,-0.0055780633,-1154.0391,-661.3113,9.9770092,,,,,,
WorkFlow,tvKa,-0.00032438074,-46.986383,-22.136157,0.20253636,0.01159193,,,,,
WorkFlow,dVdWT,-0.00035699604,-23.891581,-5.354602,-0.20401601,-0.0036919551,0.046522462,,,,
WorkFlow,stdev0,-0.00026764642,0.12189316,0.17482379,0.0043569782,-0.00015452769,0.0021569263,0.004642615,,,
WorkFlow,nVmax-nVmax,-5.3605953e-05,4.0820268,2.2244533,-0.020705667,-0.00057813499,0.00030678571,7.3990317e-05,0.00047764941,,
WorkFlow,nV-nVmax,-1.6087021e-05,4.5619801,2.1857767,-0.0093379667,-0.00032101316,-0.00074556055,8.8085268e-05,0.00046515016,0.00062495414,
WorkFlow,nV-nV,-3.6422014e-05,5.7849972,2.4444453,-0.0029030057,-0.00036885976,-0.00067443091,-0.00030257471,0.00041647461,0.00063110876,0.0010814467
