Scenario,Var Name,GAMMA,CMultStdev,tvVmax,tvKm,tvV,tvKa,stdev0,nVmax-nVmax,nV-nVmax,nV-nV
WorkFlow,GAMMA,0.0088427328,,,,,,,,,
WorkFlow,CMultStdev,0.00046403378,0.00036036756,,,,,,,,
WorkFlow,tvVmax,-42.857926,-2.966674,428698.88,,,,,,,
WorkFlow,tvKm,-15.282303,-1.0998939,126281.66,40421.521,,,,,,
WorkFlow,tvV,0.069432806,-0.0034191594,-1212.2599,-371.84181,12.493405,,,,,
WorkFlow,tvKa,0.0025550189,1.7390621e-05,-44.305697,-13.764933,0.29410815,0.017217302,,,,
WorkFlow,stdev0,-0.014348088,-0.012001027,416.187,128.44734,-0.46035522,-0.073125344,4.7261544,,,
WorkFlow,nVmax-nVmax,0.00080772585,-2.9874628e-05,-3.6736361,-1.2206844,-0.0058386371,-0.00039273452,0.0035749782,0.00047436778,,
WorkFlow,nV-nVmax,0,0,0,0,0,0,0,0,0,
WorkFlow,nV-nV,-0.0004481503,-6.8159324e-05,6.5737411,1.9493602,-0.0058822886,-0.00087690089,-0.00054924646,-3.0187723e-05,0,0.0014483685
