Scenario,Label,nVmax,nV
WorkFlow,nVmax,0.0217799856794625,0
WorkFlow,nV,0,0.0380574368630618
