Scenario,Label,nVmax,nKm,nV
WorkFlow,nVmax,0.132975093112944,0.0386202644086128,0.186016490015923
WorkFlow,nKm,0.0386202644086128,0.0459994594712409,0.0546608864771319
WorkFlow,nV,0.186016490015923,0.0546608864771319,0.269853109956707
