Scenario,Label,nVmax,nKm,nV
WorkFlow,Omega
WorkFlow,nVmax,0.228622916230312,0.187374774448313,0.267002925225711
WorkFlow,nKm,0.187374774448313,0.170990465108838,0.261260584935347
WorkFlow,nV,0.267002925225711,0.261260584935347,0.542656898569963
WorkFlow,Correlation
WorkFlow,nVmax,1,0.947687813936934,0.75804236023063
WorkFlow,nKm,0.947687813936934,1,0.857680001663003
WorkFlow,nV,0.75804236023063,0.857680001663003,1
WorkFlow,Shrinkage,0.107388035385419,0.097135180124355,0.152129854070609
