Scenario,Label,nVmax,nKm,nV
WorkFlow,Omega
WorkFlow,nVmax,0.304938542497705,-0.02625029779411,0.111257157987778
WorkFlow,nKm,-0.02625029779411,0.35589101479318,0.196342312658471
WorkFlow,nV,0.111257157987778,0.196342312658471,0.548101875977055
WorkFlow,Correlation
WorkFlow,nVmax,1,-0.079683713030146,0.27213923369359
WorkFlow,nKm,-0.079683713030146,1,0.444554229115899
WorkFlow,nV,0.27213923369359,0.444554229115899,1
WorkFlow,Shrinkage,0.416085203601839,0.353911009231094,0.555903051663785
