Scenario,Label,nVmax,nKm,nV
WorkFlow,Omega
WorkFlow,nVmax,0.4224311607985,0.0202025687612694,0.556382011441032
WorkFlow,nKm,0.0202025687612694,0.188681041987729,-0.0581412415337033
WorkFlow,nV,0.556382011441032,-0.0581412415337033,0.911610573695738
WorkFlow,Correlation
WorkFlow,nVmax,1,0.0715590369774753,0.896582855463686
WorkFlow,nKm,0.0715590369774753,1,-0.14018950149623
WorkFlow,nV,0.896582855463686,-0.14018950149623,1
WorkFlow,Shrinkage,0.284480710522794,0.129514621145153,0.272249380234555
