Scenario,Label,nVmax,nKm,nV
WorkFlow,nVmax,0.313103146118584,0.128833020121839,0.351753973881063
WorkFlow,nKm,0.128833020121839,0.165528180557703,0.113156811716144
WorkFlow,nV,0.351753973881063,0.113156811716144,0.521689804131451
