Scenario,Label,nVmax,nKm,nV
WorkFlow,nVmax,0.207930123463956,0.106429675819458,0.363289761432985
WorkFlow,nKm,0.106429675819458,0.054645531011187,0.156164359338218
WorkFlow,nV,0.363289761432985,0.156164359338218,0.709860122085701
