Scenario,RetCode,LogLik,-2LL,AIC,BIC,nParm,nObs,nSub,EpsShrinkage,Condition
WorkFlow,1,-3874.970050,7749.940100,7773.940100,7822.423157,12,420,60,0.121440,65605.997240
