Scenario,RetCode,LogLik,-2LL,AIC,BIC,nParm,nObs,nSub,EpsShrinkage,Condition
WorkFlow,3,-3283.858160,6567.716320,6591.716320,6641.801753,12,480,60,0.143690,1193.474480
