Scenario,RetCode,LogLik,-2LL,AIC,BIC,nParm,nObs,nSub,EpsShrinkage,Condition
WorkFlow,1,-3182.232220,6364.464440,6388.464440,6438.549873,12,480,60,0.155850,36998.119750
