Scenario,CMultStdev,tvVmax,tvKm,tvV,tvKa,CEps
WorkFlow,0.00347498685389064,,,,,
WorkFlow,-0.821787959946617,633.355896302423,,,,
WorkFlow,-0.129927163636176,85.2977897613141,467.287294223789,,,
WorkFlow,-0.0258770521368883,14.4562574392408,-7.4868401269639,0.575181369227973,,
WorkFlow,-0.000628316171466097,0.996044720422684,0.265527116681038,0.02338929891547,0.00406011856926525,
WorkFlow,-0.00565785612265621,1.54873054610199,2.66636791700579,-0.0105794124870576,-0.000653557901471788,0.0294949515834815
