Scenario,Parameter,Estimate,Units,Stderr,CV%,2.5%CI,97.5%CI,Var.Inf.factor
WorkFlow,CMultStdev,0.493469586157967,,0.0311143645813355,6.30522436521049,0.432305112382313,0.554634059933621,
WorkFlow,tvVmax,1963.28938023167,,563.025372079822,28.6776558641286,856.496711669128,3070.08204879421,
WorkFlow,tvKm,2855.07267626832,,1546.81608903939,54.1778183755776,-185.651226882293,5895.79657941893,
WorkFlow,tvV,12.8367118181915,,1.11773458044896,8.70732782880555,10.6394743571693,15.0339492792137,
WorkFlow,tvKa,1.0909919042898,,0.0931848056209069,8.54129212641291,0.907809645022054,1.27417416355755,
WorkFlow,CEps,0.502759148054378,,3.77664133740886,751.183017161208,-6.92134490003416,7.92686319614292,
