Scenario,CMultStdev,tvVmax,tvKm,tvV,tvKa,CEps
WorkFlow,1,,,,,
WorkFlow,-0.189005837289699,1,,,,
WorkFlow,-0.249799525263505,0.969167407297969,1,,,
WorkFlow,0.560720283230751,-0.198011654598787,-0.239486769308432,1,,
WorkFlow,0.293025289040837,-0.450723442637709,-0.444939140412258,0.379830633365437,1,
WorkFlow,0.0804581104424603,-0.00783704646418733,-0.0393676966689543,-0.171441728155453,0.108187602107566,1
