Scenario,CMultStdev,tvVmax,tvKm,tvV,tvKa,CEps
WorkFlow,0.000968103683300266,,,,,
WorkFlow,-3.31103765410934,316997.569605622,,,,
WorkFlow,-12.022401445502,844044.700708313,2392640.01331112,,,
WorkFlow,0.0195005064180826,-124.611294142352,-414.055819901884,1.24933059233141,,
WorkFlow,0.000849593425241574,-23.647390150099,-64.1334193956869,0.0395615937228625,0.00868340799860621,
WorkFlow,0.00945445518537959,-16.6642637347851,-229.97701296273,-0.723703987538226,0.0380739855862324,14.2630197914254
