Scenario,CMultStdev,tvVmax,tvKm,tvV,tvKa,CEps
WorkFlow,1,,,,,
WorkFlow,-0.553935606494379,1,,,,
WorkFlow,-0.101960366642345,0.156791271702557,1,,,
WorkFlow,-0.578809716062925,0.757407427030867,-0.456671772334731,1,,
WorkFlow,-0.167275484455432,0.621134383190012,0.19277358987989,0.484000088137873,1,
WorkFlow,-0.55885800041337,0.358325826566937,0.718214625960462,-0.0812241736145359,-0.0597228971996787,1
