Scenario,Parameter,Estimate,Units,Stderr,CV%,2.5%CI,97.5%CI,Var.Inf.factor
WorkFlow,CMultStdev,0.592978133463812,,0.0589490191088082,9.94117924120819,0.47714060799418,0.708815658933444,
WorkFlow,tvVmax,4298.65120694446,,25.1665630609828,0.585452548937357,4249.19775659648,4348.10465729244,
WorkFlow,tvKm,2665.79971771791,,21.6168289585635,0.81089471256561,2623.32165764301,2708.27777779281,
WorkFlow,tvV,63.1527261878642,,0.758407126303526,1.20090956017868,61.6624214103177,64.6430309654107,
WorkFlow,tvKa,1.00573155299126,,0.0637190597016721,6.33559318211286,0.880520679041526,1.13094242694099,
WorkFlow,CEps,0.362234423962106,,0.171740943235681,47.4115467429035,0.0247555958662325,0.699713252057979,
