Scenario,Var Name,GAMMA,CMultStdev,tvVmax,tvKm,tvV,tvKa,stdev0,nVmax-nVmax,nKm-nVmax,nKm-nKm,nV-nVmax,nV-nKm,nV-nV,nKa-nVmax,nKa-nKm,nKa-nV,nKa-nKa
WorkFlow,GAMMA,0.0073820921,,,,,,,,,,,,,,,,
WorkFlow,CMultStdev,0.00023372172,0.001057517,,,,,,,,,,,,,,,
WorkFlow,tvVmax,-11.543673,-1.2151994,124492.85,,,,,,,,,,,,,,
WorkFlow,tvKm,-5.9381136,-0.81507229,21386.222,8603.3652,,,,,,,,,,,,,
WorkFlow,tvV,0.046821976,0.039722004,-120.46736,-75.131461,7.8444147,,,,,,,,,,,,
WorkFlow,tvKa,0.0011067585,0.00052373933,-35.317333,-5.2558846,0.030125669,0.026154293,,,,,,,,,,,
WorkFlow,stdev0,0.065635759,-0.0081463942,-246.2873,-67.269264,0.1063949,0.021562224,8.0889853,,,,,,,,,,
WorkFlow,nVmax-nVmax,-0.0010447652,-0.00012314767,-6.1134198,0.060471058,-0.0059526426,0.0016742613,-0.017712164,0.0034586809,,,,,,,,,
WorkFlow,nKm-nVmax,0,0,0,0,0,0,0,0,0,,,,,,,,
WorkFlow,nKm-nKm,-0.00027418523,-0.00010271665,-2.6915234,-0.23892628,-0.0012703292,0.0011009618,0.00044706257,0.00016247704,0,0.0011102427,,,,,,,
WorkFlow,nV-nVmax,0,0,0,0,0,0,0,0,0,0,0,,,,,,
WorkFlow,nV-nKm,0,0,0,0,0,0,0,0,0,0,0,0,,,,,
WorkFlow,nV-nV,0.0016998852,-0.00056483168,13.145873,1.4220792,-0.023267769,-0.0028781437,0.020988955,-0.0027274677,0,-0.00019217456,0,0,0.0091701877,,,,
WorkFlow,nKa-nVmax,0,0,0,0,0,0,0,0,0,0,0,0,0,0,,,
WorkFlow,nKa-nKm,0,0,0,0,0,0,0,0,0,0,0,0,0,0,0,,
WorkFlow,nKa-nV,0,0,0,0,0,0,0,0,0,0,0,0,0,0,0,0,
WorkFlow,nKa-nKa,-0.0024483199,-0.00022229169,18.94419,3.8971557,-0.060076529,-0.0058458788,-0.010861634,-0.002194917,0,0.00052652819,0,0,0.0032253535,0,0,0,0.032746336
