Scenario,Label,nVmax,nKm,nV,nKa
WorkFlow,Omega
WorkFlow,nVmax,0.159329700726397,0,0,0
WorkFlow,nKm,0,0.117305771508796,0,0
WorkFlow,nV,0,0,0.203106362258651,0
WorkFlow,nKa,0,0,0,0.310527937921323
WorkFlow,Correlation
WorkFlow,nVmax,1,0,0,0
WorkFlow,nKm,0,1,0,0
WorkFlow,nV,0,0,1,0
WorkFlow,nKa,0,0,0,1
WorkFlow,Shrinkage,0.21636945894001,0.200499144526514,0.179287346043931,0.36788447550816
