Scenario,RetCode,LogLik,-2LL,AIC,BIC,nParm,nObs,nSub,EpsShrinkage,Condition
WorkFlow,3,-3461.337260,6922.674520,6944.674520,6990.586167,11,480,60,0.166290,12807.020780
