Scenario,Var Name,CMultStdev,tvVmax,tvKm,tvV,tvKa,K12,K21,K13,K31,stdev0,nVmax-nVmax
WorkFlow,CMultStdev,0.00052599997,,,,,,,,,,
WorkFlow,tvVmax,-0.19610497,2242.3067,,,,,,,,,
WorkFlow,tvKm,-0.76894274,3810.8701,35028.455,,,,,,,,
WorkFlow,tvV,-0.0061676709,4.0894264,21.798289,0.46050383,,,,,,,
WorkFlow,tvKa,-0.0015474165,1.1843211,3.6598417,0.056321325,0.012446004,,,,,,
WorkFlow,K12,-0.00020121275,-0.82536717,-7.4012788,0.020931452,0.0027885532,0.0035674315,,,,,
WorkFlow,K21,0.0023521492,-2.7284497,-4.5632641,-0.11294643,-0.018340158,-0.0072813053,0.069904491,,,,
WorkFlow,K13,4.7963935e-05,-0.066335355,-0.096566249,-0.002019629,-0.00033739527,-0.00014808432,0.0016361958,4.1441971e-05,,,
WorkFlow,K31,-8.3243465e-06,-0.0206882,0.0054839011,0.00063163826,8.5162077e-05,3.856185e-05,6.1048401e-06,2.1991578e-06,3.8710221e-06,,
WorkFlow,stdev0,0.0057337364,-45.083442,-348.7614,-0.0023744753,-0.0033325691,0.089015721,0.046549367,0.0015656354,0.00080569406,3.8298939,
WorkFlow,nVmax-nVmax,-0.00017507155,-0.62851274,1.2600157,0.011224768,0.0017168673,0.00075702588,-0.00033410955,2.1195075e-05,7.0890555e-05,0.0069084537,0.0019109034
