Scenario,RetCode,LogLik,-2LL,AIC,BIC,nParm,nObs,nSub,EpsShrinkage,Condition
WorkFlow,3,-3536.973420,7073.946840,7095.946840,7140.389642,11,420,60,0.029120,181099.175010
