Scenario,Var Name,CMultStdev,tvVmax,tvKm,tvV,tvKa,K12,K21,dVdWT,stdev0,nVmax-nVmax,nKm-nVmax,nKm-nKm,nV-nVmax,nV-nKm,nV-nV,nKa-nVmax,nKa-nKm,nKa-nV,nKa-nKa
WorkFlow,CMultStdev,0.0012160244,,,,,,,,,,,,,,,,,,
WorkFlow,tvVmax,-2.5721378,457668.03,,,,,,,,,,,,,,,,,
WorkFlow,tvKm,-2.4280521,147854.45,60363.614,,,,,,,,,,,,,,,,
WorkFlow,tvV,0.051863388,2091.1841,396.65642,286.83952,,,,,,,,,,,,,,,
WorkFlow,tvKa,0.0012577228,-46.96536,-17.744017,2.1447085,0.042503914,,,,,,,,,,,,,,
WorkFlow,K12,-0.0011072439,-316.95674,-93.216508,-32.844665,-0.22811499,4.1018153,,,,,,,,,,,,,
WorkFlow,K21,0.00019672524,-29.019424,-17.509035,1.0664666,0.030912135,0.10500279,0.22343988,,,,,,,,,,,,
WorkFlow,dVdWT,-0.00031715233,-4.2510471,7.3718162,0.14078134,-0.014575154,-0.13952217,-0.088185753,0.15394109,,,,,,,,,,,
WorkFlow,stdev0,-1.3588466e-05,-9.0690329,-4.1451492,-0.086701277,-9.0065771e-05,0.009215875,-0.005065506,-0.0044965996,0.0039910735,,,,,,,,,,
WorkFlow,nVmax-nVmax,-0.00020605211,-10.828184,-2.0630012,-0.019244387,0.0018811163,0.0045467049,0.0073299534,0.0053637478,-0.00067083056,0.0043944016,,,,,,,,,
WorkFlow,nKm-nVmax,0,0,0,0,0,0,0,0,0,0,0,,,,,,,,
WorkFlow,nKm-nKm,-0.00016642765,1.1647788,1.9143839,0.073570509,0.00028716995,-0.017535204,-0.004374685,0.0038282555,-0.00085801095,0.00065442471,0,0.0027044254,,,,,,,
WorkFlow,nV-nVmax,0,0,0,0,0,0,0,0,0,0,0,0,0,,,,,,
WorkFlow,nV-nKm,0,0,0,0,0,0,0,0,0,0,0,0,0,0,,,,,
WorkFlow,nV-nV,0.00010992819,23.208342,6.1233719,0.025851942,-0.0071651351,-0.026733024,-0.033227281,-0.0083570233,0.0015102659,-0.007494484,0,-0.0012958828,0,0,0.01853167,,,,
WorkFlow,nKa-nVmax,0,0,0,0,0,0,0,0,0,0,0,0,0,0,0,0,,,
WorkFlow,nKa-nKm,0,0,0,0,0,0,0,0,0,0,0,0,0,0,0,0,0,,
WorkFlow,nKa-nV,0,0,0,0,0,0,0,0,0,0,0,0,0,0,0,0,0,0,
WorkFlow,nKa-nKa,0.000744437,36.932826,10.917838,1.621984,0.019876413,-0.19330066,0.0010791039,-0.020409809,-0.00010303766,0.00034599892,0,-0.00062237133,0,0,-0.0014309496,0,0,0,0.050517826
