Scenario,CMultStdev,tvVmax,tvKm,tvV,tvKa,K12,K21,dVdWT,CEps
WorkFlow,1,,,,,,,,
WorkFlow,-0.109030447433429,1,,,,,,,
WorkFlow,-0.283399603212352,0.889552299796139,1,,,,,,
WorkFlow,0.0878153115181093,0.182514544408797,0.095325123976611,1,,,,,
WorkFlow,0.174944109324276,-0.3367347302274,-0.350307854939227,0.614234661528894,1,,,,
WorkFlow,-0.0156777628156166,-0.231332499483853,-0.187334239754567,-0.957540792687203,-0.546325309868879,1,,,
WorkFlow,0.0119346202135781,-0.0907471854416168,-0.150762821218486,0.133213246874129,0.31720074125666,0.109681268002069,1,,
WorkFlow,-0.0231803228545759,-0.0160156046879334,0.0764732582628817,0.0211859682646196,-0.180186147215993,-0.175581149156545,-0.4754893599046,1,
WorkFlow,-0.00616814278700796,-0.212197773269379,-0.267059287481113,-0.0810328532759203,-0.00691513159891699,0.0720283822718146,-0.169628032795312,-0.181410353053981,1
