Scenario,Var Name,GAMMA,CMultStdev,tvVmax,tvKm,tvV,tvKa,dVdWT,stdev0,nVmax-nVmax,nKm-nVmax,nKm-nKm,nV-nVmax,nV-nKm,nV-nV
WorkFlow,GAMMA,0.036317472,,,,,,,,,,,,,
WorkFlow,CMultStdev,0.00022166692,0.00048289003,,,,,,,,,,,,
WorkFlow,tvVmax,-50.158323,-1.683203,122189.25,,,,,,,,,,,
WorkFlow,tvKm,-18.612947,-0.52060809,36872.709,13380.66,,,,,,,,,,
WorkFlow,tvV,0.082880885,-0.0080615541,-407.54757,-117.08816,10.504297,,,,,,,,,
WorkFlow,tvKa,0.0080520128,0.00039657544,-17.717341,-7.1063119,0.17308412,0.014197174,,,,,,,,
WorkFlow,dVdWT,0.017962654,0.0012686876,-28.397244,-9.3085555,-0.086184485,0.0031040447,0.12265257,,,,,,,
WorkFlow,stdev0,0.009148115,-0.0001534246,-1.4389233,-0.69301525,-0.17954683,-0.0012822459,-0.0030702022,0.027999419,,,,,,
WorkFlow,nVmax-nVmax,-0.0017224068,-0.00014599717,3.644628,1.2878135,-0.02210676,-0.0013514103,-0.0017275454,0.00055054533,0.00072382638,,,,,
WorkFlow,nKm-nVmax,0,0,0,0,0,0,0,0,0,0,,,,
WorkFlow,nKm-nKm,-0.00048561955,-6.7502132e-05,1.9822844,0.4629094,-0.0056951557,-0.00021250009,-0.0032643135,0.00016668168,0.00012188886,0,0.0017899285,,,
WorkFlow,nV-nVmax,0,0,0,0,0,0,0,0,0,0,0,0,,
WorkFlow,nV-nKm,0,0,0,0,0,0,0,0,0,0,0,0,0,
WorkFlow,nV-nV,0.00563859,1.7305512e-05,-8.8761011,-2.9177064,0.011113214,0.0021411707,0.0057937025,-0.0029961415,-0.00016269073,0,0.00020503579,0,0,0.0059998633
