Scenario,Label,nVmax,nKm,nV
WorkFlow,nVmax,0.0517516825122626,0,0
WorkFlow,nKm,0,0.0522487831184876,0
WorkFlow,nV,0,0,0.0620794325835906
