Scenario,RetCode,LogLik,-2LL,AIC,BIC,nParm,nObs,nSub,EpsShrinkage,Condition
WorkFlow,1,-3487.637810,6975.275620,6997.275620,7043.187267,11,480,60,0.138690,9962.964120
