Scenario,GAMMA,CMultStdev,tvVmax,tvKm,tvV,tvKa,dVdWT,CEps
WorkFlow,1,,,,,,,
WorkFlow,0.111872292064333,1,,,,,,
WorkFlow,-0.580829506516351,0.11903534017057,1,,,,,
WorkFlow,-0.869916861168874,-0.19852346738177,0.592463629414588,1,,,,
WorkFlow,0.224102986675888,0.625016160705191,-0.160597925173314,-0.326924090701587,1,,,
WorkFlow,-0.0679100831574208,-0.0521726362636312,-0.351755337558136,-0.0478974299486666,0.2751522262928,1,,
WorkFlow,-0.255573202169859,-0.148880483314496,0.155413659410906,0.212030684627567,-0.153007965333009,0.0301595960530435,1,
WorkFlow,0.261124235574806,0.115038158216299,-0.240328219149582,-0.224714338490914,0.3260556797472,0.190088533190978,-0.0133483735328654,1
