Scenario,Var Name,GAMMA,CMultStdev,tvVmax,tvKm,tvV,tvKa,dVdWT,stdev0,nVmax-nVmax,nKm-nVmax,nKm-nKm,nV-nVmax,nV-nKm,nV-nV
WorkFlow,GAMMA,0.020329828,,,,,,,,,,,,,
WorkFlow,CMultStdev,0.00056506297,0.0012549168,,,,,,,,,,,,
WorkFlow,tvVmax,-20.437028,1.0406042,60898.195,,,,,,,,,,,
WorkFlow,tvKm,-11.002878,-0.6238512,12969.571,7869.0697,,,,,,,,,,
WorkFlow,tvV,0.1554084,0.10768587,-192.75344,-141.04855,23.654839,,,,,,,,,
WorkFlow,tvKa,-0.0013903287,-0.00026537904,-12.464053,-0.61008491,0.19215399,0.020617346,,,,,,,,
WorkFlow,dVdWT,-0.014793328,-0.0021410606,15.569516,7.635617,-0.3021049,0.0017580273,0.16480389,,,,,,,
WorkFlow,stdev0,0.11139878,0.012193146,-177.44892,-59.642917,4.7448028,0.081665512,-0.016213563,8.952262,,,,,,
WorkFlow,nVmax-nVmax,-0.002627572,0.00021828167,3.4252926,1.2659296,0.0035831734,0.00086601513,0.0014782194,-0.055784479,0.0026782366,,,,,
WorkFlow,nKm-nVmax,0,0,0,0,0,0,0,0,0,0,,,,
WorkFlow,nKm-nKm,-0.001044739,-7.2267579e-06,0.42764765,0.55415261,-0.0082321348,-0.00043653871,0.0048136589,-0.020565432,1.7406921e-05,0,0.0027299353,,,
WorkFlow,nV-nVmax,0,0,0,0,0,0,0,0,0,0,0,0,,
WorkFlow,nV-nKm,0,0,0,0,0,0,0,0,0,0,0,0,0,
WorkFlow,nV-nV,0.0043890578,0.0001643333,-1.420237,-2.3117078,0.043712339,-0.0014477904,-0.0053894514,0.030090287,-0.0013444419,0,-0.00046466399,0,0,0.0038538559
