Scenario,Label,nVmax,nV
WorkFlow,nVmax,0.0224134837518693,0.0214024868650022
WorkFlow,nV,0.0214024868650022,0.0387690496826433
