Scenario,RetCode,LogLik,-2LL,AIC,BIC,nParm,nObs,nSub,EpsShrinkage,Condition
WorkFlow,3,-3190.388980,6380.777960,6402.777960,6448.689607,11,480,60,0.119100,21562.162740
