Scenario,Var Name,CMultStdev,tvVmax,tvKm,tvV,tvKa,K12,K21,dVdWT,stdev0,nVmax-nVmax,nKm-nVmax,nKm-nKm,nV-nVmax,nV-nKm,nV-nV
WorkFlow,CMultStdev,0.0014257543,,,,,,,,,,,,,,
WorkFlow,tvVmax,15.375085,2198854.1,,,,,,,,,,,,,
WorkFlow,tvKm,2.7268968,750211.88,269884.91,,,,,,,,,,,,
WorkFlow,tvV,0.092918309,-3462.6899,-1501.0336,121.72936,,,,,,,,,,,
WorkFlow,tvKa,-0.0018366342,-188.33345,-62.462104,1.1876467,0.048399683,,,,,,,,,,
WorkFlow,K12,0.0025102248,92.941974,23.731102,-3.1544407,-0.041371048,0.13654007,,,,,,,,,
WorkFlow,K21,-0.48475721,-26504.908,-7448.7464,597.23559,8.5754457,-24.529866,4729.9941,,,,,,,,
WorkFlow,dVdWT,-0.00037356007,40.801772,17.498246,-0.53950674,-0.0088308217,0.0063544934,-2.9963372,0.13539392,,,,,,,
WorkFlow,stdev0,-0.00020618216,7.917605,2.0073446,-0.26927156,-0.0023997355,0.0044159573,-2.1764318,0.0039067174,0.010457775,,,,,,
WorkFlow,nVmax-nVmax,0.0034342105,254.11661,70.805482,-0.76320966,-0.028736302,0.030140968,-8.4882539,-0.0018286261,0.007242571,0.15491722,,,,,
WorkFlow,nKm-nVmax,0.00031711559,87.497385,29.964285,0.096022233,-0.0023534037,-0.0042375356,0.36000524,0.005004545,0.00037362041,-6.4158992e-05,0.014431125,,,,
WorkFlow,nKm-nKm,-0.00042720874,-0.8530891,0.25583395,-0.041649223,-0.0017358015,-0.00021397789,-0.18838822,0.00099205785,0.0010968125,0.0039657247,-0.0025008188,0.0027248837,,,
WorkFlow,nV-nVmax,0.0049539215,311.00543,83.009063,-1.0319516,-0.038318254,0.044195781,-11.917694,-0.0035648017,0.0094365424,0.20861093,-0.0055575079,0.0060720527,0.28596093,,
WorkFlow,nV-nKm,0.00083233745,120.02087,40.592614,0.15678818,-0.0033146551,-0.0049500087,0.31567843,0.0085577129,0.00050828962,0.0003943427,0.020500753,-0.0046958749,-0.007195247,0.03048909,
WorkFlow,nV-nV,0.0066627772,344.80016,84.676967,-1.3277837,-0.047048333,0.061903715,-16.0992,-0.0068912098,0.012086498,0.27446706,-0.016125359,0.0096866906,0.38367002,-0.022744044,0.52704883
