Scenario,Label,nVmax,nKm,nV
WorkFlow,nVmax,0.393595248571508,0.120129617993096,0.534753152799746
WorkFlow,nKm,0.120129617993096,0.0522004183096489,0.174611253067707
WorkFlow,nV,0.534753152799746,0.174611253067707,0.72598128455592
