Scenario,Label,nVmax,nKm,nV
WorkFlow,Omega
WorkFlow,nVmax,0.554342485925682,-0.0154914820708189,0.816971156580651
WorkFlow,nKm,-0.0154914820708189,0.19921716480299,-0.0941518352812025
WorkFlow,nV,0.816971156580651,-0.0941518352812025,1.34021580427568
WorkFlow,Correlation
WorkFlow,nVmax,1,-0.0466165907422282,0.947829614436318
WorkFlow,nKm,-0.0466165907422282,1,-0.182212448911395
WorkFlow,nV,0.947829614436318,-0.182212448911395,1
WorkFlow,Shrinkage,0.28604370077366,0.137184763303998,0.204875778450666
