Scenario,CMultStdev,tvVmax,tvKm,tvV,tvKa,K12,K21,dVdWT,CEps
WorkFlow,1,,,,,,,,
WorkFlow,0.274597746304399,1,,,,,,,
WorkFlow,0.139013525174484,0.973859764992291,1,,,,,,
WorkFlow,0.223039242950902,-0.211649727075931,-0.261880669646972,1,,,,,
WorkFlow,-0.221095073894962,-0.577308565744655,-0.546519975911497,0.489292266245545,1,,,,
WorkFlow,0.179912039138636,0.1696225658638,0.123622793421971,-0.773739263128213,-0.508914942028498,1,,,
WorkFlow,-0.186668756284354,-0.259894917859786,-0.208479608974371,0.787077875531933,0.566767760466854,-0.965238926731237,1,,
WorkFlow,-0.0268867629001638,0.0747792724135453,0.0915388895875583,-0.132892238931878,-0.10908882712252,0.0467359736057881,-0.118402479445248,1,
WorkFlow,-0.0533960453543575,0.0522126784315195,0.0377844382328996,-0.23865644616508,-0.106665131017849,0.116862497817515,-0.309453294315995,0.103822805291648,1
