Scenario,Var Name,GAMMA,CMultStdev,tvVmax,tvKm,tvV,tvKa,K12,K21,dVdWT,stdev0,nVmax-nVmax,nV-nVmax,nV-nV
WorkFlow,GAMMA,0.011330642,,,,,,,,,,,,
WorkFlow,CMultStdev,-0.00046289769,0.00075059235,,,,,,,,,,,
WorkFlow,tvVmax,-551.51627,68.167668,47077678,,,,,,,,,,
WorkFlow,tvKm,-181.70544,16.098881,13577854,4051226.2,,,,,,,,,
WorkFlow,tvV,0.045336366,0.046022624,-2795.044,-1454.6951,23.22347,,,,,,,,
WorkFlow,tvKa,2.9034473e-74,-7.5928634e-75,-1.6108362e-69,-4.6732188e-70,-2.3580807e-72,5.2245467e-130,,,,,,,
WorkFlow,K12,-1.15393e-74,6.4996652e-75,-2.4443349e-70,-6.1810759e-71,3.1227853e-72,-7.9374204e-130,1.4426529e-129,,,,,,
WorkFlow,K21,-2.12869e-73,3.9407686e-74,1.2789593e-68,3.782335e-69,9.0704737e-72,-2.2908881e-129,2.8853058e-129,1.1541223e-128,,,,,
WorkFlow,dVdWT,0.0035165645,-0.00037349721,-253.0666,-72.95841,-0.30364611,1.3823299e-73,-1.6366251e-73,-5.4992795e-73,0.13749242,,,,
WorkFlow,stdev0,-0.0160865,-0.020974368,-13787.98,-3058.9189,-5.664784,-7.8310728e-73,2.0811292e-72,6.7249738e-73,0.51760558,106.79791,,,
WorkFlow,nVmax-nVmax,-0.0022986125,0.00052842899,300.5978,80.577591,-0.00069011457,-1.0429846e-74,-1.996072e-75,7.719007e-74,-0.0027674467,-0.14863002,0.0029056026,,
WorkFlow,nV-nVmax,-0.0023025493,0.00038615131,279.3122,75.201305,-0.00045318731,-1.0545696e-75,-1.4781832e-74,4.5362292e-74,-0.002291706,-0.23653838,0.0025279219,0.003217752,
WorkFlow,nV-nV,-0.0018722455,0.00024518224,237.16102,63.312975,-0.058395817,2.3558371e-74,-4.8326439e-74,-3.3995151e-74,0.0022787346,-0.32684025,0.0021474221,0.0037028087,0.0064380717
