Scenario,Label,nVmax,nV
WorkFlow,Omega
WorkFlow,nVmax,0.130489224773386,0.100257585145003
WorkFlow,nV,0.100257585145003,0.196527722156686
WorkFlow,Correlation
WorkFlow,nVmax,1,0.626062951032494
WorkFlow,nV,0.626062951032494,1
WorkFlow,Shrinkage,0.120410669698502,0.105934409426411
