Scenario,Label,nVmax,nV
WorkFlow,nVmax,0.0500939459188404,0.0513423457078174
WorkFlow,nV,0.0513423457078174,0.0653829636596356
