Scenario,Var Name,GAMMA,CMultStdev,tvVmax,tvKm,tvV,tvKa,K12,K21,dVdWT,stdev0,nVmax-nVmax,nV-nVmax,nV-nV
WorkFlow,GAMMA,0.013130479,,,,,,,,,,,,
WorkFlow,CMultStdev,-0.00059442321,0.00072656749,,,,,,,,,,,
WorkFlow,tvVmax,-1652.1714,199.74542,365222960,,,,,,,,,,
WorkFlow,tvKm,-525.52351,50.739627,104173420,30326432,,,,,,,,,
WorkFlow,tvV,0.16147216,-0.099769066,-207762.64,-55761.753,9970.4464,,,,,,,,
WorkFlow,tvKa,-0.0035429521,-0.00067230256,-853.00214,-163.29262,8.9739071,0.091364277,,,,,,,
WorkFlow,K12,-0.072739032,0.0206853,37117.718,11687.134,-3625.647,0.64513535,1524.8889,,,,,,
WorkFlow,K21,-0.15250653,-0.028783473,-20472.375,213.05872,-3453.5361,8.093215,1845.2541,2889.5903,,,,,
WorkFlow,dVdWT,0.0035338265,0.00045258873,-317.81707,-119.17421,0.68788452,-0.012809811,-1.2421516,-3.1376968,0.1184996,,,,
WorkFlow,stdev0,-0.40834116,0.02628429,25432.965,9921.6676,1136.8887,-1.5410584,-558.71236,-799.37051,0.42172688,425.90338,,,
WorkFlow,nVmax-nVmax,-0.0018792938,0.00048068328,739.56755,194.95468,-0.46410062,-0.0028350178,0.054517159,-0.14108122,-0.00033845023,-0.091221791,0.0025094034,,
WorkFlow,nV-nVmax,-0.0017689933,0.00036539021,675.24531,178.28116,-0.55962265,-0.0020823895,0.1551635,0.071442674,-0.0013510671,-0.1905927,0.0021498728,0.0026360365,
WorkFlow,nV-nV,-0.0020137283,0.00040007953,678.65219,181.29878,-0.84634359,-0.0011615658,0.29345366,0.27760503,-0.00073358214,-0.16896365,0.0020486102,0.0028902899,0.0042749319
