Scenario,Var Name,CMultStdev,tvVmax,tvKm,tvV,tvKa,stdev0,nVmax-nVmax,nV-nVmax,nV-nV
WorkFlow,CMultStdev,0.00048828387,,,,,,,,
WorkFlow,tvVmax,1.3495425,58317.564,,,,,,,
WorkFlow,tvKm,5.4848387,203617.48,848120.73,,,,,,
WorkFlow,tvV,-0.0032426955,-85.509111,-375.66271,0.6221728,,,,,
WorkFlow,tvKa,-0.0013584547,-31.714251,-108.83552,0.10050712,0.045588917,,,,
WorkFlow,stdev0,18.899628,217563.83,846655.42,-944.38715,-328.65886,10279805,,,
WorkFlow,nVmax-nVmax,0.00013456207,2.4051936,19.42156,-0.007808948,-0.0019082567,28.547096,0.0021726095,,
WorkFlow,nV-nVmax,3.5617707e-05,0.37004317,3.4307557,-0.0039978899,-0.0011860677,18.740914,0.00073033671,0.00051652982,
WorkFlow,nV-nV,6.6928896e-05,-0.38788046,-1.8912011,-0.0055732094,-0.00085673025,-5.6508706,8.6341638e-06,0.00018438666,0.00067152014
