Scenario,Label,nVmax,nV
WorkFlow,Omega
WorkFlow,nVmax,0.647657045971934,-0.174528792784072
WorkFlow,nV,-0.174528792784072,0.351503306853338
WorkFlow,Correlation
WorkFlow,nVmax,1,-0.365788316557028
WorkFlow,nV,-0.365788316557028,1
WorkFlow,Shrinkage,0.595185263994249,0.343862941302361
