Scenario,Label,nVmax,nV
WorkFlow,nVmax,0.0212448007250679,0.0233260731491153
WorkFlow,nV,0.0233260731491153,0.0320025869836481
