Scenario,Label,nVmax,nV
WorkFlow,Omega
WorkFlow,nVmax,0.160624758733462,0.0729306049363583
WorkFlow,nV,0.0729306049363583,0.132689228936987
WorkFlow,Correlation
WorkFlow,nVmax,1,0.499557791021497
WorkFlow,nV,0.499557791021497,1
WorkFlow,Shrinkage,0.110248577688809,0.149965135722215
