Scenario,Label,nVmax,nV
WorkFlow,nVmax,0.0466112597884303,0.0227272923003477
WorkFlow,nV,0.0227272923003477,0.025913705567496
