Scenario,Label,nVmax,nV
WorkFlow,nVmax,0.0643672890761486,0.0433156009261889
WorkFlow,nV,0.0433156009261889,0.0513221386320128
