Scenario,RetCode,LogLik,-2LL,AIC,BIC,nParm,nObs,nSub,EpsShrinkage,Condition
WorkFlow,1,-3912.992460,7825.984920,7843.984920,7880.347212,9,420,60,0.114750,45282.983140
