Scenario,Var Name,CMultStdev,tvVmax,tvKm,tvV,tvKa,stdev0,nVmax-nVmax,nV-nVmax,nV-nV
WorkFlow,CMultStdev,0.00058415528,,,,,,,,
WorkFlow,tvVmax,0.082338945,113.55136,,,,,,,
WorkFlow,tvKm,0.086204473,-1.1311842,59.041708,,,,,,
WorkFlow,tvV,-0.004369346,0.048135344,-1.8878169,0.10288884,,,,,
WorkFlow,tvKa,-0.00064832394,-0.21464939,-0.12069377,0.010979821,0.002995135,,,,
WorkFlow,stdev0,-0.00011426373,0.1187097,0.18839085,-0.00328279,0.00085708252,0.0034894539,,,
WorkFlow,nVmax-nVmax,-7.2513885e-05,-0.061728604,0.053550403,0.0045186491,0.00073989907,0.00079403397,0.0041431479,,
WorkFlow,nV-nVmax,5.125723e-05,-0.15698185,0.08663053,-0.001299455,0.00032582928,0.0011005098,0.0012051042,0.0018762413,
WorkFlow,nV-nV,0.0001826841,0.090713065,0.032963898,-0.0033998459,-4.1289015e-05,0.00023088682,-0.00089284057,-0.00024383555,0.0026339619
