Scenario,Parameter,Estimate,Units,Stderr,CV%,2.5%CI,97.5%CI,Var.Inf.factor
WorkFlow,CMultStdev,0.521738223979683,,0.0220971462361353,4.23529372020782,0.478300699548721,0.565175748410645,
WorkFlow,tvVmax,1628.35935934148,,241.490298349445,14.8302828220366,1153.64915820064,2103.06956048232,
WorkFlow,tvKm,2890.95167852349,,920.93470433365,31.8557626256833,1080.62181550267,4701.28154154431,
WorkFlow,tvV,13.187564562528,,0.788779308924623,5.98123561924324,11.6370195221906,14.7381096028654,
WorkFlow,tvKa,1.19461078914813,,0.213515613773302,17.8732366820124,0.774891899181106,1.61432967911515,
WorkFlow,CEps,0.499994513969958,,3206.21344516406,641249.724863322,-6302.1226775235,6303.12266655144,
