Scenario,Parameter,Estimate,Units,Stderr,CV%,2.5%CI,97.5%CI,Var.Inf.factor
WorkFlow,CMultStdev,0.537967805587059,,0.0243079070540159,4.51846872648631,0.490202442466363,0.585733168707755,
WorkFlow,tvVmax,5034.67658403047,,795.781066307788,15.8060016969498,3470.9561241694,6598.39704389153,
WorkFlow,tvKm,1480.8915182653,,339.660257055404,22.9362011238526,813.45456123449,2148.32847529611,
WorkFlow,tvV,43.7551201344914,,3.18681798566572,7.28330301887025,37.4929800848923,50.0172601840905,
WorkFlow,tvKa,0.931386853524209,,0.110327701633259,11.8455291929232,0.714591441271152,1.14818226577727,
WorkFlow,CEps,0.401522937416387,,0.0835791084236024,20.8155252502871,0.237288869288428,0.565757005544346,
