Scenario,CMultStdev,tvVmax,tvKm,tvV,tvKa,CEps
WorkFlow,1,,,,,
WorkFlow,0.319701717423768,1,,,,
WorkFlow,0.464179756116111,-0.0138152167498587,1,,,
WorkFlow,-0.563596325340873,0.0140826304144361,-0.765942728967884,1,,
WorkFlow,-0.490139503558476,-0.368065649995868,-0.287010103848875,0.625464900138509,1,
WorkFlow,-0.0800323359793755,0.188586800696657,0.415051140569613,-0.173252790520268,0.265115856052355,1
