Scenario,Parameter,Estimate,Units,Stderr,CV%,2.5%CI,97.5%CI,Var.Inf.factor
WorkFlow,CMultStdev,0.57569883657606,,0.0241693044686037,4.19825487443217,0.528205829393166,0.623191843758954,
WorkFlow,tvVmax,3714.92337843568,,10.6560481396016,0.286844358660468,3693.98410103559,3735.86265583577,
WorkFlow,tvKm,2685.44907062056,,7.68386020376719,0.286129433167451,2670.35018234581,2700.54795889531,
WorkFlow,tvV,60.1683400594995,,0.320762896598905,0.533109100702642,59.5380366690165,60.7986434499825,
WorkFlow,tvKa,0.777067083321261,,0.0547278265875349,7.0428702697871,0.669526170648231,0.884607995994291,
WorkFlow,CEps,0.197082193968685,,0.0590715998758544,29.9730780778909,0.0810057085715407,0.313158679365829,
