Scenario,CMultStdev,tvVmax,tvKm,tvV,tvKa,CEps
WorkFlow,0.00048828387178115,,,,,
WorkFlow,1.3495424992463,58317.5641969041,,,,
WorkFlow,5.48483872044065,203617.478889208,848120.729646107,,,
WorkFlow,-0.00324269549171081,-85.5091108202655,-375.662711668525,0.622172798187606,,
WorkFlow,-0.00135845468417495,-31.7142514254925,-108.835524088342,0.10050712060078,0.0455889173249898,
WorkFlow,18.8996276330796,217563.825025527,846655.419359518,-944.38714646958,-328.658861521987,10279804.6559508
