Scenario,CMultStdev,tvVmax,tvKm,tvV,tvKa,CEps
WorkFlow,0.000584155278496067,,,,,
WorkFlow,0.082338944553467,113.551361953507,,,,
WorkFlow,0.086204473483865,-1.13118420351626,59.0417076310371,,,
WorkFlow,-0.00436934595144783,0.0481353442623594,-1.8878169423567,0.10288883583452,,
WorkFlow,-0.000648323942843228,-0.214649392446031,-0.120693766912896,0.0109798212750776,0.00299513500299529,
WorkFlow,-0.000114263725335516,0.118709697972736,0.188390847513401,-0.00328278997362946,0.000857082519106502,0.00348945391189304
