Scenario,CMultStdev,tvVmax,tvKm,tvV,tvKa,CEps
WorkFlow,1,,,,,
WorkFlow,0.252901082271869,1,,,,
WorkFlow,0.2695248623357,0.91555940591146,1,,,
WorkFlow,-0.186043485857189,-0.448907842377869,-0.517146679076727,1,,
WorkFlow,-0.287924967598396,-0.615070839505306,-0.553493078766442,0.596776457614903,1,
WorkFlow,0.266762406661803,0.280992395385752,0.286738112738765,-0.373423914091018,-0.48009068135773,1
