Scenario,Label,nVmax,nKm,nV
WorkFlow,nVmax,0.162327618467402,0,0
WorkFlow,nKm,0,0.0669383741403456,0
WorkFlow,nV,0,0,0.177684386847558
