Scenario,Var Name,GAMMA,CMultStdev,tvVmax,tvKm,tvV,tvKa,K12,K21,dVdWT,stdev0,nVmax-nVmax
WorkFlow,GAMMA,0.03297002,,,,,,,,,,
WorkFlow,CMultStdev,-0.00042966888,0.00081348364,,,,,,,,,
WorkFlow,tvVmax,-113.91258,-0.83375517,995870.96,,,,,,,,
WorkFlow,tvKm,-30.470713,-1.0740988,218098.22,52409.357,,,,,,,
WorkFlow,tvV,-0.020125511,0.0018203017,397.43884,84.952466,0.74234514,,,,,,
WorkFlow,tvKa,-0.00053716225,-5.483664e-05,12.823163,2.8500155,0.019036251,0.00064642575,,,,,
WorkFlow,K12,-0.0031208433,-0.0005561707,92.441925,20.499405,0.057638468,0.0055974678,0.12541997,,,,
WorkFlow,K21,-0.0025434074,-0.00020336615,38.173621,8.6401955,0.03575096,0.0012792616,0.012659342,0.0029014742,,,
WorkFlow,dVdWT,-0.0046052631,-0.0002208618,41.783521,10.505971,0.0026185379,-0.00024855825,-0.014491423,7.5544432e-05,0.028773728,,
WorkFlow,stdev0,-1.6075828,0.18073395,5867.6731,1098.4892,-2.54833,-0.047997339,1.1491974,0.018772129,-1.2164994,1642.7171,
WorkFlow,nVmax-nVmax,-0.0015021566,-0.00019722586,52.303873,9.9243195,0.024292125,0.00090191764,0.0082751096,0.0023923428,0.0018982082,0.37907585,0.0068040008
