Scenario,Var Name,GAMMA,CMultStdev,tvVmax,tvKm,tvV,tvKa,K12,K21,dVdWT,stdev0,nVmax-nVmax
WorkFlow,GAMMA,0.074893207,,,,,,,,,,
WorkFlow,CMultStdev,0.0016242073,0.000382031,,,,,,,,,
WorkFlow,tvVmax,-191.60053,-2.9006617,1036414.7,,,,,,,,
WorkFlow,tvKm,-48.485139,-0.6824199,224374.15,50759.281,,,,,,,
WorkFlow,tvV,-0.16379912,-0.003239094,167.12659,51.815364,2.5967816,,,,,,
WorkFlow,tvKa,-0.0028027483,-7.0496427e-05,-1.6146829,-0.087731324,0.058407341,0.0014911531,,,,,
WorkFlow,K12,0.053131166,0.0005094021,-220.02547,-51.67039,-0.22989023,-0.00041060055,0.17104909,,,,
WorkFlow,K21,-0.00073030054,1.4568815e-05,4.1066353,0.67875851,0.051398677,0.0013502298,0.0021858337,0.0017471707,,,
WorkFlow,dVdWT,-0.0067208946,-0.00038561016,71.771883,14.629227,-0.083940071,-0.0029098114,-0.022617132,-0.0020409626,0.048588887,,
WorkFlow,stdev0,0.11976401,-0.00096953922,-211.39952,-59.468559,0.0023895983,0.00023090422,0.020088975,0.0031760747,0.0035108429,1.3874961,
WorkFlow,nVmax-nVmax,-0.0028385204,0.00012148012,14.031933,3.4853068,0.0052547169,-6.3997223e-05,-0.0065299975,-5.592962e-05,0.00092693856,-0.0048247765,0.0014247377
