Scenario,Var Name,CMultStdev,tvVmax,tvKm,tvV,tvKa,K12,K21,stdev0,nVmax-nVmax,nKm-nVmax,nKm-nKm,nV-nVmax,nV-nKm,nV-nV
WorkFlow,CMultStdev,0.000846046,,,,,,,,,,,,,
WorkFlow,tvVmax,-0.63224424,111958.52,,,,,,,,,,,,
WorkFlow,tvKm,-3.8441716,227762.6,560315.47,,,,,,,,,,,
WorkFlow,tvV,0.0040082229,-492.19743,-1057.1771,3.1872103,,,,,,,,,,
WorkFlow,tvKa,0.00013468655,-48.405646,-106.71018,0.24697085,0.026442308,,,,,,,,,
WorkFlow,K12,0.0012195214,29.745507,23.779488,-0.94466678,-0.010134646,1.2665317,,,,,,,,
WorkFlow,K21,-0.00051210237,-156.68219,-349.20201,0.74539072,0.084957383,0.13017146,0.32485375,,,,,,,
WorkFlow,stdev0,-0.00083620175,21.299892,33.931257,-0.066135632,-0.013469708,-0.10305539,-0.05785268,0.070394264,,,,,,
WorkFlow,nVmax-nVmax,-5.7921578e-05,5.0087057,3.5529208,-0.013587624,-0.0022007994,0.0080368959,-0.0017993214,0.0079561153,0.0053988333,,,,,
WorkFlow,nKm-nVmax,0,0,0,0,0,0,0,0,0,0,,,,
WorkFlow,nKm-nKm,-6.483172e-05,2.9380881,1.8748856,-0.01152232,-0.0010086829,0.0038821452,-0.0032551218,-0.004387493,-0.00078010036,0,0.0026647686,,,
WorkFlow,nV-nVmax,0,0,0,0,0,0,0,0,0,0,0,0,,
WorkFlow,nV-nKm,0,0,0,0,0,0,0,0,0,0,0,0,0,
WorkFlow,nV-nV,0.00074109838,4.272763,37.418672,-0.046794443,-0.0044230995,-0.021518736,-0.030124489,-0.035860509,-0.013261966,0,0.0017187819,0,0,0.051111715
