Scenario,Label,nVmax,nKm,nV
WorkFlow,nVmax,0.0136811769416305,0,0
WorkFlow,nKm,0,0.0492535859663766,0
WorkFlow,nV,0,0,0.010688887211936
