Scenario,Var Name,GAMMA,CMultStdev,tvVmax,tvKm,tvV,tvKa,K12,K21,dVdWT,stdev0,nVmax-nVmax,nKm-nVmax,nKm-nKm,nV-nVmax,nV-nKm,nV-nV,nKa-nVmax,nKa-nKm,nKa-nV,nKa-nKa
WorkFlow,GAMMA,0.046820618,,,,,,,,,,,,,,,,,,,
WorkFlow,CMultStdev,-9.7159842e-05,0.0010933487,,,,,,,,,,,,,,,,,,
WorkFlow,tvVmax,-24.221024,0.27461176,102389.87,,,,,,,,,,,,,,,,,
WorkFlow,tvKm,-9.673909,-0.48288767,15138.271,4968.0561,,,,,,,,,,,,,,,,
WorkFlow,tvV,-0.50384865,-0.0088941701,-61.366377,-46.570608,714.28469,,,,,,,,,,,,,,,
WorkFlow,tvKa,-0.010442689,-0.00085188328,-31.83122,-4.0911322,13.873988,0.31161237,,,,,,,,,,,,,,
WorkFlow,K12,-0.010066695,-0.00038126809,-20.967541,-1.1752908,-9.8440975,-0.066091549,0.7565589,,,,,,,,,,,,,
WorkFlow,K21,-0.037130135,-0.0031825348,-28.434137,-2.3899246,28.605681,0.69157225,0.23733682,1.8065646,,,,,,,,,,,,
WorkFlow,dVdWT,0.00010381943,-0.0022580483,-14.93895,4.0540382,-1.5596142,-0.042785156,-0.067161925,-0.138734,0.17599933,,,,,,,,,,,
WorkFlow,stdev0,0.19275407,0.0052387006,-406.91635,-88.783351,-34.44286,-0.63447269,-0.018338208,-1.8672736,0.041672656,14.989186,,,,,,,,,,
WorkFlow,nVmax-nVmax,-0.00027191612,-0.0002137992,-10.944202,-1.199074,-0.4378666,-0.006568791,0.0018350047,-0.021639497,0.0051827754,0.096321003,0.0054293159,,,,,,,,,
WorkFlow,nKm-nVmax,0,0,0,0,0,0,0,0,0,0,0,0,,,,,,,,
WorkFlow,nKm-nKm,0.00023827441,-0.00031650591,-3.8087495,-0.27475703,0.13253943,0.0037195704,-0.0024140673,0.0057463865,0.0039401804,0.0050017912,0.00045165249,0,0.0014768297,,,,,,,
WorkFlow,nV-nVmax,0,0,0,0,0,0,0,0,0,0,0,0,0,0,,,,,,
WorkFlow,nV-nKm,0,0,0,0,0,0,0,0,0,0,0,0,0,0,0,,,,,
WorkFlow,nV-nV,0.0072583081,-0.00076852866,14.097698,2.4603473,-0.51606685,-0.017678701,-0.017920627,-0.043037834,0.012506537,-0.079919003,-0.0026167226,0,0.00026599256,0,0,0.016141557,,,,
WorkFlow,nKa-nVmax,0,0,0,0,0,0,0,0,0,0,0,0,0,0,0,0,0,,,
WorkFlow,nKa-nKm,0,0,0,0,0,0,0,0,0,0,0,0,0,0,0,0,0,0,,
WorkFlow,nKa-nV,0,0,0,0,0,0,0,0,0,0,0,0,0,0,0,0,0,0,0,
WorkFlow,nKa-nKa,-0.011759948,-0.00025876352,24.878236,4.9585479,4.0576139,0.075302644,-0.055822584,0.16520317,-0.0097750409,-0.35927288,-0.0071438427,0,0.00064797408,0,0,0.0030456657,0,0,0,0.052836149
