Scenario,Label,nVmax,nKm,nV,nKa
WorkFlow,Omega
WorkFlow,nVmax,0.169768798074436,0,0,0
WorkFlow,nKm,0,0.120302475670709,0,0
WorkFlow,nV,0,0,0.323881776340293,0
WorkFlow,nKa,0,0,0,0.345897324582304
WorkFlow,Correlation
WorkFlow,nVmax,1,0,0,0
WorkFlow,nKm,0,1,0,0
WorkFlow,nV,0,0,1,0
WorkFlow,nKa,0,0,0,1
WorkFlow,Shrinkage,0.29901521146877,0.205164103116708,0.141998495309375,0.330563902906497
