Scenario,RetCode,LogLik,-2LL,AIC,BIC,nParm,nObs,nSub,EpsShrinkage,Condition
WorkFlow,1,-3405.539510,6811.079020,6839.079020,6897.512025,14,480,60,0.166410,11640.174670
