Scenario,Var Name,GAMMA,CMultStdev,tvVmax,tvKm,tvV,tvKa,K12,K21,dVdWT,stdev0,nVmax-nVmax,nKm-nVmax,nKm-nKm,nV-nVmax,nV-nKm,nV-nV,nKa-nVmax,nKa-nKm,nKa-nV,nKa-nKa
WorkFlow,GAMMA,0.054247212,,,,,,,,,,,,,,,,,,,
WorkFlow,CMultStdev,-0.00054862485,0.0011048906,,,,,,,,,,,,,,,,,,
WorkFlow,tvVmax,-26.33755,0.58878199,94263.019,,,,,,,,,,,,,,,,,
WorkFlow,tvKm,-9.9124681,-0.42483651,13024.89,4526.5187,,,,,,,,,,,,,,,,
WorkFlow,tvV,-0.21389777,0.065270441,303.0411,-12.88588,676.21184,,,,,,,,,,,,,,,
WorkFlow,tvKa,-0.011141597,0.00054069947,-24.503392,-1.6811166,11.237994,0.2607302,,,,,,,,,,,,,,
WorkFlow,K12,-0.036761018,-0.00087018176,-20.739514,3.0992411,-18.388052,-0.073381153,1.5970752,,,,,,,,,,,,,
WorkFlow,K21,-0.069440262,-0.00021006235,-12.86029,6.0951032,23.995179,0.75946354,0.96623529,3.293363,,,,,,,,,,,,
WorkFlow,dVdWT,-0.0020524341,-0.0022288105,-15.26959,3.6276822,0.24182336,-0.0068661321,-0.092294453,-0.093338251,0.16690017,,,,,,,,,,,
WorkFlow,stdev0,-0.019690812,0.0049352761,61.241571,-2.2069819,-13.309475,-0.48548987,-0.7631149,-2.1896763,-0.024492637,2.0497394,,,,,,,,,,
WorkFlow,nVmax-nVmax,-0.0013567622,-0.00022258837,-8.7050068,-0.76312969,-0.30254283,-0.004761955,-0.0014341219,-0.025339917,0.004159124,0.014995868,0.0050056864,,,,,,,,,
WorkFlow,nKm-nVmax,0,0,0,0,0,0,0,0,0,0,0,0,,,,,,,,
WorkFlow,nKm-nKm,0.000333737,-0.0003246958,-3.3323519,-0.15474848,0.10244303,0.0027026132,-0.0047607787,0.0025014801,0.0043968405,-0.0073524869,0.00038834091,0,0.0014792105,,,,,,,
WorkFlow,nV-nVmax,0,0,0,0,0,0,0,0,0,0,0,0,0,0,,,,,,
WorkFlow,nV-nKm,0,0,0,0,0,0,0,0,0,0,0,0,0,0,0,,,,,
WorkFlow,nV-nV,0.009238541,-0.00090612652,9.7638723,1.6525679,-0.15492182,-0.0087160055,-0.017987847,-0.031450418,0.0093261395,-0.0089285499,-0.0023644535,0,0.00048225206,0,0,0.014632107,,,,
WorkFlow,nKa-nVmax,0,0,0,0,0,0,0,0,0,0,0,0,0,0,0,0,0,,,
WorkFlow,nKa-nKm,0,0,0,0,0,0,0,0,0,0,0,0,0,0,0,0,0,0,,
WorkFlow,nKa-nV,0,0,0,0,0,0,0,0,0,0,0,0,0,0,0,0,0,0,0,
WorkFlow,nKa-nKa,-0.012851583,0.00010768673,25.212,5.3324652,3.9319044,0.072038397,-0.07382282,0.19652195,-0.00057124585,-0.12610578,-0.0065280333,0,0.00084662562,0,0,0.0039834439,0,0,0,0.062175169
