Scenario,Var Name,GAMMA,CMultStdev,tvVmax,tvKm,tvV,tvKa,K12,K21,dVdWT,stdev0,nVmax-nVmax,nKm-nVmax,nKm-nKm,nV-nVmax,nV-nKm,nV-nV
WorkFlow,GAMMA,0.049052117,,,,,,,,,,,,,,,
WorkFlow,CMultStdev,7.4944325e-05,0.00035727271,,,,,,,,,,,,,,
WorkFlow,tvVmax,-0.85269829,-0.44288352,14877.038,,,,,,,,,,,,,
WorkFlow,tvKm,-2.388924,-0.11953064,1749.2715,718.24534,,,,,,,,,,,,
WorkFlow,tvV,-0.092510547,-0.011780232,-71.406827,8.0844502,9.7151341,,,,,,,,,,,
WorkFlow,tvKa,-0.0018061247,0.00011196884,1.8121218,0.19660433,0.072496542,0.0059305121,,,,,,,,,,
WorkFlow,K12,-0.00023824609,1.4180995e-05,-0.0041678738,0.00019722054,0.00039672879,4.494568e-05,2.3427281e-05,,,,,,,,,
WorkFlow,K21,0.0010889791,-6.2287433e-07,0.041395894,0.0022182216,0.019448307,0.00083271973,-0.0001094353,0.00093501772,,,,,,,,
WorkFlow,dVdWT,0.0048386475,0.00035611683,-1.4389289,-0.49092554,-0.042016664,-0.00067931444,-6.3260779e-06,7.9386474e-05,0.011191417,,,,,,,
WorkFlow,stdev0,1.8195855,0.095189002,1184.596,112.67366,-39.34334,0.029142675,0.022764214,0.37934103,0.83117645,5249.1524,,,,,,
WorkFlow,nVmax-nVmax,0.00064971861,-0.00010631388,0.92260227,0.16059319,-0.0027049926,-0.00029026065,-2.4696998e-05,5.9415358e-05,-2.7420194e-05,0.051882296,0.00046323582,,,,,
WorkFlow,nKm-nVmax,-0.00059243741,3.0673394e-05,0.16424121,0.0032875737,0.006151689,5.47029e-05,5.0729745e-06,1.8286597e-05,-8.9812942e-05,0.25658566,-9.9878277e-05,0.00020268635,,,,
WorkFlow,nKm-nKm,-0.0020829684,0.00013247179,0.71902561,0.097794005,-0.0023081937,0.00078067835,2.0888074e-05,0.00014342907,-0.00071455911,0.18163887,-6.207801e-05,-7.6337489e-05,0.0012246869,,,
WorkFlow,nV-nVmax,0.00076327481,-5.4460521e-05,0.12933082,-0.040830024,-0.0092740047,-0.00016405193,1.2542391e-05,-0.00013651523,0.00024073734,0.10297687,0.00013614905,-7.6990191e-05,-0.00011053886,0.0002092247,,
WorkFlow,nV-nKm,-0.001379462,8.5272335e-05,0.26874305,-0.0076977618,-0.0096770533,0.00045673337,2.325647e-05,9.239267e-07,-0.00027384411,0.379016,-0.00011895536,7.8381277e-05,0.00037386328,-7.0052914e-05,0.00045528692,
WorkFlow,nV-nV,-0.00049588914,7.0919067e-05,-0.32638966,-0.13338485,-0.038963125,0.00011963667,0.00010167257,-0.00051121176,0.00044492137,0.35804198,-0.00023266185,-2.7361074e-07,8.6345679e-05,0.00032592502,3.0466447e-05,0.0028541945
