Scenario,Label,nVmax,nKm,nV
WorkFlow,Omega
WorkFlow,nVmax,0.000549640746686012,-0.000953653271030003,0.00027276522330984
WorkFlow,nKm,-0.000953653271030003,0.212304707349693,-0.0699120629446575
WorkFlow,nV,0.00027276522330984,-0.0699120629446575,0.109262054808264
WorkFlow,Correlation
WorkFlow,nVmax,1,-0.0882818103470089,0.0351977462521051
WorkFlow,nKm,-0.0882818103470089,1,-0.4590263575067
WorkFlow,nV,0.0351977462521051,-0.4590263575067,1
WorkFlow,Shrinkage,0.897203455217397,0.117321633283327,0.145526207590996
