Scenario,Label,nVmax,nV
WorkFlow,nVmax,0.0347639862264093,0.0353903004781285
WorkFlow,nV,0.0353903004781285,0.0473186082904834
