Scenario,GAMMA,CMultStdev,tvVmax,tvKm,tvV,tvKa,K12,K21,CEps
WorkFlow,1,,,,,,,,
WorkFlow,-0.366655863179084,1,,,,,,,
WorkFlow,-0.898715388320768,0.41319744395101,1,,,,,,
WorkFlow,-0.950844762791421,0.349791662283562,0.975727929550469,1,,,,,
WorkFlow,0.0832074262034496,-0.0654928932289439,-0.191616566047543,-0.163510456214614,1,,,,
WorkFlow,0.130449161774152,-0.045274853864134,-0.242365822072606,-0.215004391870137,0.735435046072003,1,,,
WorkFlow,-0.0192630149906441,0.19022362701296,0.108324606359701,0.0866571288654696,-0.488934709339921,0.0850852202291829,1,,
WorkFlow,0.0799005041422589,0.0471447334097881,-0.0805146923844163,-0.0664252594693315,0.402108112339276,0.772715318287613,0.582537180758125,1,
WorkFlow,-0.0383071723319425,-0.0638488485102999,0.0231238549057373,-0.0016668282535202,-0.0408582731682551,-0.450077855070587,-0.743181039443611,-0.833337212911713,1
