Scenario,Var Name,CMultStdev,tvVmax,tvKm,tvV,tvKa,dVdWT,stdev0,nVmax-nVmax
WorkFlow,CMultStdev,0.00076727005,,,,,,,
WorkFlow,tvVmax,-2.3829676,430939,,,,,,
WorkFlow,tvKm,-0.090984224,166230.51,75590.38,,,,,
WorkFlow,tvV,-0.018882307,-590.4319,-389.33355,5.0694918,,,,
WorkFlow,tvKa,-0.0012965167,-26.679104,-18.248873,0.2838451,0.025006489,,,
WorkFlow,dVdWT,0.0006464545,-7.9290678,-4.0107918,-0.044703172,-0.0064451985,0.019408135,,
WorkFlow,stdev0,-3.9265567e-05,8.6982161,3.6776307,-0.0048568508,0.00046503025,0.0015016596,0.0046796805,
WorkFlow,nVmax-nVmax,3.5382023e-05,-1.022352,0.022158221,-0.00046795406,-4.2757896e-05,0.00040034286,-2.1592859e-05,0.00027485871
