Scenario,CMultStdev,tvVmax,tvKm,tvV,tvKa,dVdWT,CEps
WorkFlow,0.000767270054776928,,,,,,
WorkFlow,-2.38296760456189,430938.997232832,,,,,
WorkFlow,-0.0909842237837433,166230.505386553,75590.3799072691,,,,
WorkFlow,-0.0188823066202431,-590.431902018684,-389.333549556134,5.06949177164665,,,
WorkFlow,-0.00129651666943311,-26.6791042373434,-18.2488731107738,0.283845102843124,0.0250064894244676,,
WorkFlow,0.000646454497185558,-7.92906776707449,-4.01079182158249,-0.0447031724560392,-0.00644519849874273,0.0194081351619224,
WorkFlow,-3.92655668356519e-05,8.69821608829952,3.67763069209812,-0.00485685081135272,0.00046503025437635,0.00150165962406321,0.00467968048706282
